time,floor,name,user_url,img,level,content,reply,ip
2024-12-21 15:44:13,1,well😘,https://tieba.baidu.com/home/main?un=jingwei081077,https://himg.bdimg.com/sys/portrait/item/tb.1.f9587d4f.zholDzm4rGqq_t8n6OdliA?t=1534387286,,"我很努力，这是我在抗抑途中最突出的表现。
从第一次发病到现在已经差不多十六年光景，我已经从一个懵懂无知的少年成长为一位还差强人意的中年姑娘，在别人看来，我现在所拥有的很不错了，但只有我自己知道我带着病痛为之付出的代价。
带着各种病痛前行，是我最值得夸赞自己的方面，也希望我的倾诉可以帮助和影响到每位身体不好，还要遭遇抑郁焦虑的病友们。接下来我会写一些自己生病（包括抗抑和其他慢性病）的经历体会，我在倾诉，也在疗愈，我在帮自己，也在帮别人。
接下来有空我会经常写点什么，写的不好大家见谅。",0,
2024-12-21 15:54:06,2,敖默加💍,https://tieba.baidu.com/home/main?un=paolo825,https://himg.bdimg.com/sys/portrait/item/tb.1.ddcd700e.3sPUtO69-HZTxQJZYM7bNQ?t=1764006286,,好的,0,
2024-12-21 16:04:18,3,well😘,https://tieba.baidu.com/home/main?un=jingwei081077,https://himg.bdimg.com/sys/portrait/item/tb.1.f9587d4f.zholDzm4rGqq_t8n6OdliA?t=1534387286,,"最近我得了一种新病～颈椎病～，原本不错的状态瞬间被打破，好心情就是这么容易被摧残，此刻我坐在候诊室外面，像等着判刑一样，如坐针毡，内心挣扎，似乎想把病魔从我身上撕扯掉。
内心抗拒感很强，这源于我体弱多病，经常受病痛的一种应激反应。",7,
2024-12-21 18:00:50,4,well😘,https://tieba.baidu.com/home/main?un=jingwei081077,https://himg.bdimg.com/sys/portrait/item/tb.1.f9587d4f.zholDzm4rGqq_t8n6OdliA?t=1534387286,,对于我这种焦虑人士，生病倒不会把我怎样，被病吓得胆战心惊倒是会诱发我的“蕉绿”！,2,
2024-12-24 16:34:11,7,well😘,https://tieba.baidu.com/home/main?un=jingwei081077,https://himg.bdimg.com/sys/portrait/item/tb.1.f9587d4f.zholDzm4rGqq_t8n6OdliA?t=1534387286,,"抗抑方法：别太把别人的话当回事，我们过多的关注了负面信息，其实因祸得福的事还不少。
领导今天侧面又批评了我，瞬间我内心垮塌，但深呼吸调整好节奏后，暗示这并不是判死刑，你没那么糟糕，知道自己想要什么，自己能做到什么，其实很重要。",1,
2024-12-26 15:26:38,8,well😘,https://tieba.baidu.com/home/main?un=jingwei081077,https://himg.bdimg.com/sys/portrait/item/tb.1.f9587d4f.zholDzm4rGqq_t8n6OdliA?t=1534387286,,"如果手不出汗多好，那我得多快乐，至少减轻了一半的痛苦吧，各种病缠绕你的时候就是你最脆弱不堪的一刻。
而本身在这样的工作环境中，肩负的更多更重，也更加煎熬。",4,
2024-12-26 15:38:48,9,well😘,https://tieba.baidu.com/home/main?un=jingwei081077,https://himg.bdimg.com/sys/portrait/item/tb.1.f9587d4f.zholDzm4rGqq_t8n6OdliA?t=1534387286,,有必要介绍一下我的生病履历，简称“病例”。从记事起，我就三天两头生病，感冒发烧都成家常便饭了，一直上了高中吃了里面的螺旋藻才提高了免疫力，好了很多。大学后学习压力小了感觉更好了，但是我上大学之后开始得胃病，因为我高中的时候食量特别大。加之我抑郁后就贪食，会吃很多很多，撑饱了自己，也缓解个焦虑。上班后，一个人跑到北京，长期饥饱不均，饮食不注意，胃病丝毫没有好转的迹象。再后来，因为事务所工作压力过大，晚上又熬夜工作，把我的眼睛累出了干眼症，我记得当时一个中医跟我说这个病是治不好的，只能缓解，我当时听后特别沮丧。没等到这个病有所好转，膝盖又受了一个外伤，导致半月板损伤，产生积液，调养了一年的时间，后期到康复用了两年多的时间。膝盖还没好之前，髋关节又出了问题，从难受发病到最后查出来没有明显的问题，折腾了好几个月的时间。最近这一年手得了腱鞘炎，做这个工作累的，纯工伤，但也是自己身体底子不好导致的容易出现各种情况。我开始佩戴各种护腕护手指的套子，但是效果一般，最近两个多月的调养，渐渐好转了。没成想因为工作强度压力的突然增大，我得颈椎出现了问题，这不就来了医院。好在有惊无险，算是无大碍。,0,
2024-12-29 19:44:35,10,well😘,https://tieba.baidu.com/home/main?un=jingwei081077,https://himg.bdimg.com/sys/portrait/item/tb.1.f9587d4f.zholDzm4rGqq_t8n6OdliA?t=1534387286,,"我很想写点什么，去帮助那些也和曾经的我一样的人，也许我是太善良的本性使然吧。
但是我知道自己依然还在治愈的路上，有时也难免会出现各种问题，就像我现在准备结婚的状态，有时还是会悲观的看到我和阿饼容易存在问题的点，然后有点失落，不知道进入坟墓的生活会不会让自己不开心。面对未来，我只能选择降低期待，尽量放松，能自己做的事情不要让别人试图明白，还是自己动手的比较好。
有的时候能隐隐感觉到自己内心的抵触，是对别人让自己不满意的抵触，也是自己存在问题的点，我不能很好的去包容，容易急躁，这也是需要改善的点。即使男友一时没反应过来，很多事情想不到，情商有时不在线，我也能很好的接受，这需要我的修行，也需要锻炼心里的承受和韧性。
因为见父母需要买些东西，我想着和他沟通下需要买点什么符合他父母的预期，但他说什么都大大咧咧的，也许是沟通不充分，也许是他碎片化的语言让我感到对这件事的不重视，我还是感到不舒服，似乎我重视的事情，别人也一定要认同和重视，这好像对于阿饼来说不太容易。为了让我开心点，他也做了努力，接纳如此重要，加油吧。",0,
2024-12-29 22:16:31,11,well😘,https://tieba.baidu.com/home/main?un=jingwei081077,https://himg.bdimg.com/sys/portrait/item/tb.1.f9587d4f.zholDzm4rGqq_t8n6OdliA?t=1534387286,,抗抑减焦方法：睡觉有时候对于emo和蕉绿的朋友并不配合，但我们还是要尽量睡觉，按时点，毕竟这是能让你🈶能量面对明天最不费力的方法。千万记得睡觉！,0,
2024-12-29 22:17:44,12,well😘,https://tieba.baidu.com/home/main?un=jingwei081077,https://himg.bdimg.com/sys/portrait/item/tb.1.f9587d4f.zholDzm4rGqq_t8n6OdliA?t=1534387286,,"哦，对了，怎么睡的着？
身体扫描和数呼吸这个方法可以试试看！",0,
2024-12-30 19:49:59,13,well😘,https://tieba.baidu.com/home/main?un=jingwei081077,https://himg.bdimg.com/sys/portrait/item/tb.1.f9587d4f.zholDzm4rGqq_t8n6OdliA?t=1534387286,,今儿ZXY在工作上对我又有一些建议了，报告纪要少口语，多简练；用好转折词，使行文流畅。今儿会议纪要改的次数有点多，但没有气馁，不要动不动就抵触，痛苦总是让人成长的，对不？,0,
2024-12-31 18:57:01,14,well😘,https://tieba.baidu.com/home/main?un=jingwei081077,https://himg.bdimg.com/sys/portrait/item/tb.1.f9587d4f.zholDzm4rGqq_t8n6OdliA?t=1534387286,,"阿饼说话确实让我感觉到他没有顾及到我的感受，大条有很多种，但说话总是缺东少西的也就他做到极致了，我想说他是猪脑子，不会说话也不会办事，在我看来都是猪脑子。
气死我了，我很少这样生气，我也不知道自己为什么对节日仪式和沟通情感看得那么重，是不是和小时候的经历有关呢？还是我渴望从节日的喜悦中获得一些希冀和能量？还是我缺乏爱才让试图制造一些喜悦来愉悦自己呢？",0,
2024-12-31 21:50:29,15,贴吧用户_a3RKJMN,https://tieba.baidu.com/home/main?un=%E4%B8%8D%E5%8F%AF%E6%9D%8E%E5%96%BB_,https://himg.bdimg.com/sys/portrait/item/tb.1.1adf01ba.oGTMUukz_8pfi6uqOfaHrA?t=1734886588,,抑郁症好了？,2,
2025-01-02 20:49:35,16,well😘,https://tieba.baidu.com/home/main?un=jingwei081077,https://himg.bdimg.com/sys/portrait/item/tb.1.f9587d4f.zholDzm4rGqq_t8n6OdliA?t=1534387286,,"新年第二天，第一天有点伤，有点丧，出于自己的敏感和对情绪蔓延的控制力，有点沉浸式低落，起因是阿饼和我产生了误会，和我对节日期待但未达到预期的一种失落感。这两方面让我有些对跨年沮丧。不过，这其中反思一下自己对伴侣之间是否应该不指责，多倾听，允许别人犯错，允许自己的目标没达到呢？
哭哭啼啼的，对这个崭新的节日很不友好，但我还是要允许自己就这样，虽然我太期待愉快的跨年，但事实总是和想象的有区别。
此刻，我还在加班中，节后就这么累，抱抱自己。",0,
2025-01-08 08:23:44,18,well😘,https://tieba.baidu.com/home/main?un=jingwei081077,https://himg.bdimg.com/sys/portrait/item/tb.1.f9587d4f.zholDzm4rGqq_t8n6OdliA?t=1534387286,,"因为游泳，突然感觉这几天很疲惫，脑子困，身体乏，工作也累，每天需要费脑子的活儿一个接着一个，还要面对亲密关系中的些许问题，自己的身体情况也总不好。
但总归越来越好，毕竟课不是白上的，心不是白修的，自己给自己做的功课远胜于吃药。
抗抑方法：累也要坚持，不沉溺于“舒适圈”对于emo的人来说我觉得很重要。不难受时就享受现状，这是大部分朋友的做法，但这恰恰是训练自己心智的最好时机。不要在自己没有能量的时候哭天抢地的觉得自己为什么很无力，这就像把你扔在水里你自己决定阻力很大，如果你上岸了，你自然没那么大的阻力。游泳也教会了我很多，让我感悟到当你可以冲破阻力时的愉悦感。",1,
2025-01-08 08:25:16,19,贴吧用户_J4QE9SW,https://tieba.baidu.com/home/main?un=%E8%B4%B4%E5%90%A7%E7%94%A8%E6%88%B7_J4QE9SW,https://himg.bdimg.com/sys/portrait/item/tb.1.8bf8b15d.d6v-Wllzxe8ew3AN5OnY-g?t=1775037589,,我也感觉最近好累image_emoticon66,0,
2025-01-08 18:11:12,20,well😘,https://tieba.baidu.com/home/main?un=jingwei081077,https://himg.bdimg.com/sys/portrait/item/tb.1.f9587d4f.zholDzm4rGqq_t8n6OdliA?t=1534387286,,"今天聊聊康复路上的运动的作用吧，
主要是因为我上周游了泳，发现长时间不锻炼、游泳时间过长，身体消耗过多，容易导致全身乏力、犯困等现象。今天已经过去了四天了，我还是困困的，有个床就想瘫倒的状态，早上靠着喝茶提神度日。真是身体哪个部位不练，哪个部位感觉酸疼的厉害，反而是经常伸拉的关节反而一点都没事。
所以emo和蕉绿的朋友需要平时多抻拉关节韧带，也是一种放松的活动，不要小瞧这个动作，它能让身体变得舒展，而且对于心情的恢复很有帮助。之前我在学习正念时，还有专门的正念瑜伽课，做起来非常的吃力，主要不是因为动作难度大，而是因为自己平时对韧带的抻拉太少了，身体僵硬导致抻拉时非常难受而且坚持时间很短。但是做完正念瑜伽后感觉的确是放松了很多，至少身体变得轻盈点了。我平时做的运动基本都是慢节奏的有氧，比如慢跑、健身操、拉伸、站桩等，但是这些我坚持的都不太理想，只能是交叉着进行，一个运动久了会腻歪，会排斥，会烦躁，会不想坚持。所以每次时间不要太长，先养成习惯，再说质量的问题。
如果心情不好，那就多做运动，但不要像我这次似得累着自己，爱自己是大前提，康复毕竟是条路，长着呢。何必急于一时。其实照顾好自己比康复更关键，鸡汤很多，大家可以自己没事看，但是从一个正在经历的人来说，照顾自己就是好好吃饭、好好睡觉、好好做现在，哪怕发呆，也请好好的发呆。自己体会吧，很多东西不是传授出来的，而是自己行动得到的收获。
挤点时间写东东，也不错，工作太忙了，我得爱自己了，不超量，写作也是如此。
如果大家觉得累，不为难自己，但是请专注这当下的一刻吧。",0,
2025-01-12 15:44:16,21,well😘,https://tieba.baidu.com/home/main?un=jingwei081077,https://himg.bdimg.com/sys/portrait/item/tb.1.f9587d4f.zholDzm4rGqq_t8n6OdliA?t=1534387286,,"近两天做了心理咨询，见了阿饼的父母。
心境低落和烦躁了点，但是，还是把该做的都做了。丑媳妇还是得见婆婆的，不过我根本没太紧张。毕竟自己因为工作性质见识的人多了，也多少会对形形色色的人不社恐。当然，出于我要成为他们家的一份子了，我得学会接纳不一样的家庭状态及接下来的状况。",0,
2025-01-12 21:56:23,22,well😘,https://tieba.baidu.com/home/main?un=jingwei081077,https://himg.bdimg.com/sys/portrait/item/tb.1.f9587d4f.zholDzm4rGqq_t8n6OdliA?t=1534387286,,"我最近感觉很累，尤其这两天，大脑还是感觉头皮有点发紧。因为我思考了一些问题，也想了想接下来要走的路。我对很多事情不满意，对很对的问题还想着改变，但，很多还是要接纳，接纳确实是我需要的功课。
其实，我真的很羡慕阿饼，想问题还是很简单的，开心不好吗？其实世界的本质都是一样的，何必要那么认清黑白，非黑即白不是我们这种人应该想的，二元结构才是正确的一种思维方式。
我其实有点恐婚，不是因为对方对我不好，也许是我敏感的性格特点吧。",0,
2025-01-15 18:50:40,23,well😘,https://tieba.baidu.com/home/main?un=jingwei081077,https://himg.bdimg.com/sys/portrait/item/tb.1.f9587d4f.zholDzm4rGqq_t8n6OdliA?t=1534387286,,"头皮发紧，哈欠多，依然是我现阶段需要调整和解决的问题，也或者它解决不了，只能摆在那儿。好多症状我都经历并解决了，但就是这个症状，始终偶尔发生，加之工作和生活的快节奏，本来就容易让人疲惫。但我没有放弃任何，还是带着困难在前行，只要力所能及，就不要轻言放弃。
写这段话时我刚下班，脑子还有些疲惫，思维没有那么敏捷，不过时常记录会让我自己更加清晰的了解仍需改善和调整的方面吧，也吐吐槽，释放一下疲惫感。",0,
2025-01-28 17:41:14,35,well😘,https://tieba.baidu.com/home/main?un=jingwei081077,https://himg.bdimg.com/sys/portrait/item/tb.1.f9587d4f.zholDzm4rGqq_t8n6OdliA?t=1534387286,,这几天有点累，但也算有收获吧。对于外出旅游，我算是比较会规划的了，但是阿炳似乎还是不太有经验，只能给他些时间。锻炼一个人最好的办法就是让他去实践。其实抗抑何尝不是，不去做在家想一天也是无济于事。,0,
2025-01-29 22:47:14,36,well😘,https://tieba.baidu.com/home/main?un=jingwei081077,https://himg.bdimg.com/sys/portrait/item/tb.1.f9587d4f.zholDzm4rGqq_t8n6OdliA?t=1534387286,,"旅程结束，今天上午睡了一觉，忽然觉得拜年微信还没发，就赶紧瞪着眼睛准备，下午收拾皮箱整理衣物，总感觉春节没有正八经的做顿像样的饭菜，所以打算买点食材，可是和阿饼磨磨蹭蹭的耽误了时间，结果商超都关门了，从家乐福到菜市场折腾了一圈，我有点小火苗，嘴上说没买到菜烦躁，其实觉察到可能是自己这一天没做什么“有用”的事，“正事”一件没做的空虚自责感，有点点烦躁，所以我赶紧动起来做到，洗衣服，收拾屋子和衣物。到现在我才安安静静的坐在床上敷面膜，明天开始尽量规律作息，不要破坏我的生物钟。
抗抑秘诀：很多问题出在自己这儿，映射到别人身上，觉察很重要，保持好对情绪的觉察，然后不用管它，自己做好当下。",0,
2025-01-30 11:28:33,38,well😘,https://tieba.baidu.com/home/main?un=jingwei081077,https://himg.bdimg.com/sys/portrait/item/tb.1.f9587d4f.zholDzm4rGqq_t8n6OdliA?t=1534387286,,"今日正值正月初二，也是本月的最后一天。清晨醒来，虽未感到困倦，但浅眠依旧。长久以来，我发现自己属于睡眠较浅的人群之一。独处时更容易达到宁静状态，这比与他人长时间共处一室更能助我恢复心力。
独自一人时，找些事情来做显得尤为重要，哪怕只是阅读书籍也好，毕竟我已经很久没有坚持每天读一篇文章了，这样的懒散态度确实需要改变。读书和进行正念练习能使我较快地回归平静的状态。正如我一直提醒自己的那样，今年的目标是减少内心消耗，少说多做。
有时，我会过于关注关系中的对方而忽略了自身的感受和需求。找到真正让自己开心的事情去做才是关键，比如每日记录一些个人经历和感受，这种日记形式的写作有助于我在静下心来的同时减少内耗带来的能量损耗。对于像我这样的人来说，真正实现减少内心消耗并非易事，从意识层面难以迅速抽离，初级阶段只能通过转变行动开始实践，这是相对有效的途径之一。当因为某个问题、事物或人而感到不适时，实际上内心消耗已经开始了。此时应采取行动解决问题，而不是停滞不前，无谓地消耗自身能量。
以最近去开封游玩的经历为例，由于事先没有做好攻略，我们错过了一个非常精彩的演出，对此我感到十分懊悔，并且一路上都在责怪同行的朋友阿饼，这是我对问题习惯性的消极反应。但实际上我的思维仍停留在过去，未能及时做出决定：要么继续游览景区，要么返回明天再来观看错过的节目。正在我陷入自我纠结之时，一位请求帮忙拍照的中年男士无意间帮助我走出了困境，他提供的建议让我最终决定购买夜游门票继续参观。尽管错过了白天的精彩表演，但晚上的清明上河园同样给我带来了不少惊喜，如杨志卖刀、民俗绝活展示以及打铁花等节目都非常精彩。为了避免遗憾，次日我们本打算再次前往上河园观赏，但在询问知情人士后了解到若想获得较好的观赏体验至少需排队两小时，加之天气寒冷，遂放弃了这一计划。相比于第一天的内心挣扎，第二天果断行动后决策变得轻松许多，也减少了对这件事的困扰。通过实际体验积累经验后再去尝试新的体验，或许是减少内心消耗乃至缓解精神压力的有效方法之一。
康复之路漫长而艰巨，唯有不断觉察并持续练习，才能取得显著进步与提升。今天，我将沉浸于书本之中，期待能够达到静心的效果。",0,
2025-01-30 16:31:40,39,well😘,https://tieba.baidu.com/home/main?un=jingwei081077,https://himg.bdimg.com/sys/portrait/item/tb.1.f9587d4f.zholDzm4rGqq_t8n6OdliA?t=1534387286,,"今天偶然看到了一则标题为“为什么一到过年，家里的矛盾就会被放大，就会容易吵架”的热议，对于如何走出这样的心灵困境，我也有自己的见解和感悟想要分享，这不仅是对自己经历的一种回顾与总结，也是希望能够给同样处于困惑中的病友们带来一丝启发和安慰。
面对像春节等节日，绿蕉和emo的你该如何“让内心也沾点喜乐”的度过？
事实上，像我们这样的人，别说过年这种传统佳节了，即便是遇到再大的喜事似乎也很难触动我们内心那根快乐的弦。我们仿佛是戴着无形金钟罩的行者，在这个喧嚣世界里独自穿梭。外界的鞭炮齐鸣、欢声笑语，这一切看似热闹非凡的声音，于我们而言，自动被屏蔽在外，难以穿透那层自我保护的屏障，进入不到我们的内心深处。别人因为一个梗被都逗得前仰后合，而我们的感觉是这有啥可笑的，笑点在哪儿呢？
我，很难被逗乐。
我，很难融入到这异彩纷呈、充满欢乐与活力的节日氛围中。
但我很乖巧，我也会一直安安静静的坐在家人、朋友、同学们中间，那些能让他人捧腹的瞬间在我这里往往只能激起一丝礼貌性的微笑，即使内心的感受并不如表面那般欢快，我还是会配合着大家，时不时地点头附和一下他们的讨论，既不打扰这份热闹，也不让自己的不同显得突兀。
她们越是开心，我越是很难开心，相比她们欢声笑语的节日状态，我内心的“emo和绿蕉”症状更明显了。是的，曾经甚至还会带着躯体症状去硬坚持着。
疫情三年我没有办法回家过年，也正是这三年让我开始转变过节的方式，以自己喜欢的形式过年。贴自己喜欢的窗花和对联，做符合自己口味的年夜饭，准备自己喜欢的零食、在自己喜欢的时间出去散步，看自己喜欢的节目寻找乐趣，不想说话的时候可以一个人安静的待着，这一切都完全是自己的意愿，不需要迁就任何人。偶尔和朋友出来小聚一下，人少也不吵不闹，谈谈心聊聊天，其实更适合我们这样的人，在人多的环境下我们可能不是那个焦点人物，但在一两好友约会中，我们可以被更加重视和得到关注，也满足了内心的那种孤独、缓解了社交带来的压力和恐惧。
之所以我有以上的体会，也是因为和前男友一过节就容易吵架闹矛盾，其中有两个春节我都是在难过和焦虑中度过，越是想在别人那里得到些关注和爱，越是得不到，反而是关注自己如何过节让自己更容易快乐。
过节对于一个正常人尚且都很累，规矩和仪式很多，在不得不做的形式中人的自我空间都会被压抑，还要在过节期间应对复杂的人际关系，有些约定俗成的规矩我们不得不去做，要时刻恭维长辈，整个人好像被安置在传统阶级观念上动弹不得，可想而知其精神压力之大。所以建议对于emo和绿蕉的人来说，适度和这些规矩仪式保持距离，这个时候考虑别人不如更多的照顾自己的感受，回归自我主体性。不要觉得这样很丢人，会引来人的非议，活在别人的眼光中其实才是最伤害自己的。尤其是过节期间还要天天熬夜、应酬、七大姑八大姨的串亲戚、准备红包、想着怎么说话，这些都会加重我们的精神负担，甚至是经济负担。所以这两年的我不再为了面子而硬着头皮去给红包、熬夜应酬或想着怎么说好听的话，而是根据自己的经济能力适度发红包，虽然少点但能表达祝福就好，不想应酬就出去旅游过年，让自己远离迎来送往的春节习俗，在旅途中更好的放松自己，但也要注意规律点作息，按时吃饭，即使不能，也要注意饮食搭配，有一定的户外活动，维持有时候比治病更重要。
过年期间吵架其实也是蛮正常的一件事，毕竟人和人的空间密度变小，势必要发生碰撞和摩擦，能吵架也是一种沟通，只要能互相沟通解决问题就好。别为了所谓的节日仪式感把自己搞得太累太烦。
所以说，过年期间，本就是节假日，是休养和调整的重要阶段，也新的一年的开始，能让自己少忙点，少累点最好，毕竟现在国内城镇化水平也越来越高，更何况我们还带着emo和绿蕉，可以尝试和家里老人沟通一下自己的需求，怎么能让彼此都舒服点过，也相信家人会给予我们更多的理解。
今天大年初二，我选择让男友回家陪他父母，走亲访友，而我安然于一个人安静的在家里做点自己喜欢的事情。此刻，我写完这段话，希望可以安慰到那个不太快乐的你，动起来吧，任何不断地体验都会带给你新的感受和治愈。",0,
2025-02-02 09:44:21,40,油亮人参,https://tieba.baidu.com/home/main?un=%E6%B2%B9%E4%BA%AE%E4%BA%BA%E5%8F%82,https://himg.bdimg.com/sys/portrait/item/tb.1.710d2ab8.ysvszPIIxEB1dFu1d28z4g?t=1437403457,,期待继续更新，分享经验给抑郁症朋友,0,
2025-02-02 12:39:10,41,well😘,https://tieba.baidu.com/home/main?un=jingwei081077,https://himg.bdimg.com/sys/portrait/item/tb.1.f9587d4f.zholDzm4rGqq_t8n6OdliA?t=1534387286,,"春节这几天状态不是很好，昨天聊到结婚及后面的打算，有点感到焦虑，具体的原因以后有空再和大家吐槽。男友安慰了我很长时间，我看着他，感觉和几年前我看他时的眼光不一样了，此刻，我更怀着的是一颗感恩的心。
今天想聊聊康复路上家人的陪伴到底起到多大的作用。
这个问题见仁见智，我仅就个人经历表达观点，不对的地方还请包容。在我患病的这些年里，家人们的表现可谓喜忧参半。有时，他们能给予我较好的安抚和陪伴，让我感受到无尽的温暖和支持；而有时，他们的某些态度或行为却难以让我理解，甚至在某种程度上加剧了我的病情。然而，不可否认的是，每当我的状况有所好转时，家人的鼓励与支持也起到了至关重要的作用。这种好与坏的影响交织出现，并非单一因素孤立存在，而是彼此依存、相互影响。可以说，无论是正面的支持还是负面的压力，都在某种意义上促进了我的成长，加速了我的康复过程。这使我深刻认识到，在面对疾病的过程中，每一种经历都有其独特的价值和意义，而好坏并存才是生活的本来面目。就像之前打我记事起到奶奶去世，相比于父母，我感觉她是我抑郁时最好的陪伴，不管我掉多少眼泪，她都愿意安慰我，照顾我的情绪，但是她终究在我上大二的时候离开了我，我还是要自己前行，学会自己安抚自己。毕竟，我和爸妈的关系一直不太好，不亲密，在心理上有一定的距离感，我没有办法和他们诉说心里话，因为父母从小对我关照的不周，让我缺失了很多应该得到的爱，在心理成形的时候我没有得到，都是奶奶带着我，大伯陪我玩，我的童年看着幸福，实际上不幸。母亲的严苛、父亲的责骂，家庭的争吵，在我幼小的心灵种下了苦果，我感觉不到家里的爱和温馨，还经常被训得哭哭啼啼，委屈巴巴，夹杂在家庭不和谐的关系中，我还要选择“站队”，站在妈妈这边，我感觉妈妈对我并没那么好，站在奶奶这边，我又感觉妈妈生我养我，也许她和奶奶之间的矛盾并不是看起来的那样，她的盛气凌人，咄咄逼人也许是有原因的，我很难。家庭的分崩离析让我感到很痛苦，殃及到我这个孩子身上，我最终还是选择站在奶奶这边，但也因此和我妈彻底变得疏远了，可以说直到我生病家庭关系依然不和谐，那会正在上高中的我是全家人的希望，所以即使在不和谐也要尽力安抚好我的情绪，让哦我能顺利高考。
大学二年级的时候奶奶生病离世，也是她的离开让我更加的坚强起来，因为没有了心理上的依靠感，我必须自己照顾好自己。随着奶奶的离去，我和妈妈的关系得到了缓和，也开始变得好起来，在我比较纠结痛苦时给了我很多的启示和安慰，在我康复的最后几年妈妈在我的恢复中起到了很重要的作用。
除了家人，其实亲密关系也对病情的影响蛮大的。那就不得不提到我的几任男朋友了。第一任男友是我比较心仪的，但是因为客观原因我们无法在一起，因为我们还是同事关系，我难过到最终选择了辞职，那是一个让我曾经很有动力也很开心的男友，我甚至幻想过和他结婚的样子，造化弄人。从此之后改变了我对感情的态度，我想的也只有找到一个爱我的人就可以了，因为我爱的人确实可遇不可求。相比于第一任男友短暂的相处时间，我和第二任男友相处的时间还蛮长的，但这段让我很痛苦的感情经历把我弄到了很糟糕的状态，一度抑郁焦虑很重，那个时候的我最大的问题就是放不下这段关系，而在关系中又没办法情绪稳定的和对方相处，对方也厌烦了，失去了往日的真情，是的，感情在现实面前真的有点廉价，经不住磨难的感情势必最终断裂，经历了快2年半的感情就这样终结掉了，而我的状态在之后的很长一段时间里都很糟糕，我记得那时吃不好，睡不下，还要面对即将到来的专业职称考试，我逼着自己学习，逼着自己成为一个正常的状态应付工作，但只有我自己知道好难受，甚至是绝望。那时我生气憋闷就会偶尔找阿饼出来聊聊或者转转，只有他可以毫无怨言的陪着我吃饭逛公园，他就像是我的药一样帮助我排解不良的情绪，让我得以在这糟糕的恋爱关系中得到一些安抚。阿饼在我最难的时候始终对我不离不弃，陪伴着我，让我熬过了这段时光，但在接受他的问题上我还是犹豫了很长时间，甚至因为他不是我择偶的首选，相比于前两任，那时我在他身上还看不出明显的优势，而我又是个典型的慕强的姑娘，我喜欢仰望、欣赏男人，所以我纠结了相当长的一段时间，好在最终我还是选择了他。在康复的这条路上，他给予了我诸多的陪伴和支持，其间，我的状态也曾让他感到疲惫不堪，然而，他所展现出的坚韧与毅力却着实令我感到惊讶。这段经历让我们双方都收获了成长，同时也让我对他充满了感激之情。我好起来得益于他的理解和陪伴，当然我自己才是康复的核心，如果自己不去努力调整治疗，那么可能再多的陪伴也只是表面缓解而已。所以对于康复这件事情，不要寄希望于家人和朋友，甚至是亲朋好友的援助，而是要把希望聚焦到自己身上，即使在康复路上遇到各种艰难险阻，也不要怪别人，毕竟没有人有义务为你的焦虑和抑郁而承担任何的责任，也没有义务时刻照顾到你的感受，你才是自己健康恢复的第一责任人，但阻力有时也会让你觉悟的更深，改变的动力更大，不是坏事。
我们应避免频繁地抱怨自身的不适与困扰，而是尝试去接纳并与这些情绪和平共处。随着春天脚步日益临近，这个万物复苏、生机勃勃的季节极易唤起人们内心深处的情感波动，因此，希望病友们能够更加善待自己，保持身心的和谐与健康。请记得，照顾好自己是我们面对生活挑战时最坚实的后盾。
对未来担忧时，请告诉自己，我先过好今天再说。",1,
2025-02-02 12:47:34,42,well😘,https://tieba.baidu.com/home/main?un=jingwei081077,https://himg.bdimg.com/sys/portrait/item/tb.1.f9587d4f.zholDzm4rGqq_t8n6OdliA?t=1534387286,,"抗抑方法：爱早醒的朋友们，“不要赖床、不要赖床、不要赖床”，重要的事情说三遍。尽快起来找活动做，比如简单的有氧运动、大声读文章、唱首自己喜欢的歌、做顿早餐等，就是不要闲待，早晨人的精神状态更容易偏向emo，也更容易出现各种悲观的各种念头，陷入低落负面的情绪漩涡，从而影响一天的精神状态。
这不，我今儿就赖床不舒服了吧，而且一旦赖久了就更没起床的动力了，因为最近心里有事，有点情绪低落，允许当下，允许现在的自己就这样，加油吧！",0,
2025-02-05 10:58:15,43,well😘,https://tieba.baidu.com/home/main?un=jingwei081077,https://himg.bdimg.com/sys/portrait/item/tb.1.f9587d4f.zholDzm4rGqq_t8n6OdliA?t=1534387286,,"今天谈谈抗抑路上早醒的问题。
Emo的病友估计都会遇上早醒的问题，我也是曾经深受过早醒的痛苦，这几天也莫名其妙的早醒，不知道是不是和早春的来到有关系。今天已经是第四五天的样子了，基本通常在4点半到5点半的期间段出现这个问题，醒了之后很难再很快睡着，如果伴随着躯体的不适感，那可能更加难受，即使没有伴随躯体不适感，在这个时间段脑子突然清醒，也免不了会胡思乱想一气。这也许就是emo的人为什么早上的状态会更加的糟糕吧。
早醒最好是不要睁着眼睛想事情，既然醒了可以早起开始做事情。
把今天想做的事情完成在早上，其实也不失为一件好事。但是这也有个问题，就是上午或者中午会困，还需要补觉，对于上班的人来说可能稍微难点，但是对于在家养病的朋友来说很容易实现，而且如果有条件的话既然早醒那就下楼跑跑步或者做做拉伸操，做完之后神清气爽，会减轻很多的痛苦。作为常年上班的我，如果早醒，为了不让自己胡思乱想，我通常会听正念冥想、喜马拉雅一些温和的段子文章，帮助自己思维不跑偏，即使睡不着，也不至于想的过多而悲观难受。另外，如果真的很难完成下床甚至是下楼活动的人，可以在床上做一些瑜伽动作，配合呼气吸气，帮助缓解胸闷喉咙堵塞的症状。我前几年生病时通常就是自己在床上折腾一些动作，让自己尽量不憋闷。其实有时候真的不想上班，尤其是emo的时候，懒的感觉尤为明显。但是我想的是我就是一个正常人，我就要过正常人的日子，那么正常人尚且有厌学厌恶工作的心态，我这样也很正常，但是工作起来往往会让自己找到自己有价值的意义，放轻松面对其实没想象的那么难。
当然白天一整天的生活我们也不能懈怠，学会呼吸放松自己，才能在夜晚安然入睡，也才能有个美好的第二天。
总之呢，早醒不如早起，早起其实带给我们的一整天的高效率还是蛮重要的。将生活规划地井井有条，带来进度上的大大提前。当学习和工作中积压的问题和任务清零，我们就能保持轻松和自信，缩小生活中的烦恼和负能量。好好利用上午的时间，不用熬夜加班、画图、补作业，我们就可以自由安排晚上的时间，让生活多点乐趣，让身体好好充电。
今天我上班了，状态依然不佳，上午在工位上偷偷写了这段体会，希望能帮到你们，也希望自己度过这段不太舒服的时光。
你们怎么样呢？期待你们的好转。",1,
2025-02-05 13:45:38,44,well😘,https://tieba.baidu.com/home/main?un=jingwei081077,https://himg.bdimg.com/sys/portrait/item/tb.1.f9587d4f.zholDzm4rGqq_t8n6OdliA?t=1534387286,,"康复训练，不需要刻意坚持。
既然你选择了想要康复，并且自己也下定了决心，那么说明在你心中，康复的训练就是一件有价值的事情。但为什么不坚持做下去，比如锻炼身体、培养兴趣爱好、训练自己不被念头带走等等吧，我认为是在我们潜意识里，把康复训练当作了一件需要坚持、痛苦多于快乐的事情。因为把它当成是一件痛苦的、需要耗费意志力去坚持的事情，我们往往因为一次没有坚持下来，就全盘放弃了。
这一切的源头，不是因为我们不够优秀，这点事都坚持不了；而是我们常常给康复，赋予了过多的意义。
一味将康复的行为，和梦想、房子、赚钱、爱情等这些宏大沉重的词汇挂钩，它们的重量，就会将我们慢慢压垮。
一旦没能坚持下来，我们就会被巨大的焦虑、压力和负罪感包围，感到窒息，想要逃离。这是大多数人试图改变，却最终失败的真正原因。
想改变就去做，那些人生意义，对于我们目前来说真的意义真的不大。
不仅如此，这些巨大的人生工程，因为无法实时更新进度条，还成了借口的温床——
当我决心运动康复时，却又因症状犯懒，我就会说：我还没有准备好，我还有躯体症状很难受动不了，今天我真的没状态，也没有一双像样的跑步鞋了……其实我又何尝不是
想要做到长期可持续的康复训练，我们应当制定具体、可执行的小目标。
它们离我们越近，实现的路径越清晰越好。比如：一天我只做一次15分钟的有氧操，做一项简单的家务活，做一次15分钟的正念训练。如果一天我们有12个小时白天的时间，那完成这些核心的训练，才占用不到我们12分之一的时间，很容易完成。给自己制定的小目标简单到不需要思考步骤，可以立即执行的程度，让你没有逃避的借口。不要忽视了这些小而具体的目标，它们能帮你建立习惯，不用刻意坚持，就能很快完成。
对大多数emo和绿蕉的人来说，完成比完美更加重要。
选择坚持自己的康复训练，就是用短期痛苦替代长期痛苦；用短期的付出，换来更长时间的快乐。而长期坚持，形成生物钟和习惯后，痛苦将会消失。康复训练将成为我们肚子饿了吃饭一样，自然而然的事情。
或许还有同学会问：我还是觉得痛苦，比起康复训练吃药更舒服啊？
我们比错了对象。之所以觉得康复训练痛苦，正是因为我们拿康复训练的「痛苦」，和吃药的「快乐」对比；于是康复训练的吃力，让行动和改变更难实现。
吃药固然重要，但是吃药只是让我们暂时缓解了躯体症状，当时很爽；而内心真正的改变带来的好处，两只手都数不过来。但是我不免要给大家甚至是我自己浇点冷水：坚持康复训练、坚持某件事不难，但也不是一件容易的事。像我之前，已经养成了康复训练的习惯，但依然会有遭到困难和不想坚持的时候。
你们也会。
大家这时候千万不要想：我可能就是不够坚强，改变这种事还是算了吧。我很难战胜这个倒霉的病。
不要放弃！十几年的生病历程，我可以告诉你我也很多次这样怯懦的对待这个病魔，虽然走了很多的弯路，但是我没有停止前进的步伐，跌跌撞撞的走到现在，你们得病时间短的更可以呢，不是吗？
放松点，适当的放纵自己，是不会毁了你的人生的。大方接受自己想偷懒的事实，允许自己适当偷懒，就像痛痛快快地哭上一场，总比一直憋着要强。
当你不想坚持康复训练，内心不那么坚定时，可以拿这句话来激励自己：“生活的真相或许是，我们付出了前面99%的努力，却只换来可怜的1%；就在我们想要放弃之时，命运的拐点却悄然而至。”
愿你我都能早日摆脱疾病的痛苦，过上向往的生活。
共勉。",0,
2025-02-15 14:56:17,45,well😘,https://tieba.baidu.com/home/main?un=jingwei081077,https://himg.bdimg.com/sys/portrait/item/tb.1.f9587d4f.zholDzm4rGqq_t8n6OdliA?t=1534387286,,不敢想象这将是我工作生涯中最艰难的一段时光。被裁员的消息如同晴天霹雳，打乱了生活的节奏，从7号领导找我谈话的那一刻起，我的世界仿佛失去了颜色。这些日子以来，尽管有时还能勉强露出一丝微笑，但内心的痛苦和身体上的不适却如影随形，难以摆脱。失眠、身体的种种不适、内心的烦躁与压抑，这一切的一切交织在一起，让这几天变得异常艰难，时间似乎也放慢了脚步。然而，在这黑暗中，我依然告诉自己必须活在当下，学会接受这个新的自我。尽管前路未知，但我愿意相信未来依旧有光。,0,
2025-02-15 20:19:44,46,well😘,https://tieba.baidu.com/home/main?un=jingwei081077,https://himg.bdimg.com/sys/portrait/item/tb.1.f9587d4f.zholDzm4rGqq_t8n6OdliA?t=1534387286,,"这几天通过正念练习，感觉还是有效果的，加上身体锻炼，心理调节，还是适度的情绪发泄，我感觉今天稍微活过来一点。阿饼在这陪着我待了半天，下午我们一起吃了小火锅，也算是用美食调节了一下情绪，我又去买了点零食，现在在家导电脑中的工作资料，把有用的留在自己的硬盘里。
说说我这几天的调节经历，其实没有什么捷径，刚开始7号那天上午工作被室主任说了一通，感觉是到处找我的不是，我也是对完美主义的人服了。下午领导找我谈话，我知道没什么好事，果真，“被离开”的感觉真的还是很痛苦，人的应激反应就是抵触和觉得以外。但我转而一想，其实也不想在这个部门待下去了。刚开始伴随着难受我其实还是松了一口气，终于等到被下沉到下面或者彻底离职，挺好的，也许是好事，留下来的人将来的压力和工作强度更大，真的很难长期坚持。我告诉自己离职这并不代表我就如何，只是换了个地方，也不错，对吧。不要计较太多，计较太多了就没有开心了。不管怎样，对于一个事情的好坏都不是绝对的，自己先缓缓再说吧。7号那晚我失眠了，后来吃了点点安眠药才勉强睡着。
8号一早我就醒了，不想睡。有点像回光返照似得8号一整天都出奇的好，但好景不长，晚上在等阿饼来单位接我的空隙时间，我还是忍不住去问其他好友或曾经的同事关于裁员的种种消息，但我还是被菲菲一顿话给惹焦虑起来，因情绪不好导致和男友两句话不对付，就争执起来，还是在争执过程中把压抑和焦虑的状态表现出来了。那天晚上我后半夜1点才睡。也许是哭出来了，这一宿我睡的格外沉。
就这样一直睡到9号中午，我以为睁开眼睛我还能很好面对现实，但还是想到裁员违约金问题，又再度焦虑起来，直到后来搞清楚一些事情，我算是暂且平静了一些，但因为阿饼说要创业的事情我顿感抵触，他一直滔滔不绝的问我一些关于旅游方面的事情，我终究是状态不佳，开始对他说的话产生反感，甚至很怨他这个时候火烧眉毛了就不能先把其他事情放一放再说嘛？后来我哭了好久，好像内心的委屈难受就像决堤的洪水奔涌出来，从那开始躯体症状出现了，我开始难受，心情低落。
接下来的工作日也可以说自己糟糕透顶的状态，让我没办法笑出来，一面考虑着接下来的打算，一面应付着工作。直到昨天我见了心理咨询师，聊了好久，感觉毕竟还是有人能理解我的，还好，但无论有没有咨询师，我都打算这样先丧下去，而不是强颜欢笑。
我发现丧点对于医治执求之心重的人还很管用。每次丧，我都异常的舒服。
好起来还是归于懂得释放，接受情绪的糟糕。就像我面对这么大的打击，我还是要带着情绪去生活，带着情绪去呼吸，带着情绪这个小坏蛋，因为你想甩掉它很难，但是它也许在你不在意的时候就悄悄离开你了。我每天还是带着这些躯体感受，我知道这个滋味不好受，但我不能再悲观的看着它，而且觉得它的出现是一种很正常的现象吧，别撵着它走。如果你现在也在经历着痛苦，可以试一试。",0,
2025-02-18 18:24:44,47,well😘,https://tieba.baidu.com/home/main?un=jingwei081077,https://himg.bdimg.com/sys/portrait/item/tb.1.f9587d4f.zholDzm4rGqq_t8n6OdliA?t=1534387286,,"这几天恢复的好多了，基本上没有了什么躯体症状，我也没想到会这么的快。
归因于做了正念练习，这个还是要持续做一段时间的，不能放松警惕。
深呼吸对于躯体症状缓解有帮助，正念练习我主要做大概10分钟，上班时也做，只要不要动脑思考时就带着耳机偷偷摸鱼。这两点对于恢复心理平衡性帮助大。另外，emo时专注在自己当下能做的事情上，而不是担忧未来，这样你很快就能从痛苦中出来。加油，朋友们！",0,
2025-02-19 18:14:10,48,well😘,https://tieba.baidu.com/home/main?un=jingwei081077,https://himg.bdimg.com/sys/portrait/item/tb.1.f9587d4f.zholDzm4rGqq_t8n6OdliA?t=1534387286,,"今天情绪状态有起伏，可能是自己想着裁员是否过职代会这个事而焦虑了，因为没有人能给我一个答案，即使知道答案又能怎样呢，还是要走，还是要接受这个现实。
感觉到心口还是有不舒服的感觉，感觉自己还是有咽不下的气。
但我知道再在这里待着无异于自讨苦吃。即使知道什么更多的信息对我来说也是没有什么帮助的。
谁摊上这样的事情都会愤怒，都会难过，都会失落吧。",0,
2025-02-19 18:26:11,49,贴吧用户_a3RKJMN,https://tieba.baidu.com/home/main?un=%E4%B8%8D%E5%8F%AF%E6%9D%8E%E5%96%BB_,https://himg.bdimg.com/sys/portrait/item/tb.1.1adf01ba.oGTMUukz_8pfi6uqOfaHrA?t=1734886588,,加油,1,
2025-02-19 20:29:40,50,打滴滴-,https://tieba.baidu.com/home/main?un=%E7%88%B7%E7%88%B7new,https://himg.bdimg.com/sys/portrait/item/tb.1.d4aeb770.Vm7O2ZOYof-s1p6x8RHw5g?t=1775037590,,只有自我和偏执的人才能坚持下来,0,
2025-02-20 14:10:43,52,well😘,https://tieba.baidu.com/home/main?un=jingwei081077,https://himg.bdimg.com/sys/portrait/item/tb.1.f9587d4f.zholDzm4rGqq_t8n6OdliA?t=1534387286,,"今天状态总体低落焦虑，因为即将进入新环境，多少内心存在一定的落差感，胸口偏上会有不舒服症状的出现。
今天是我休假的第一天，我选择一个人去工艺美术展览馆转转，面对emo这个家伙的干扰，我还是选择先这样“躺平 m”，带着它逛逛展览馆，希望它能别出来闹，动起来不求结果是最好的解药。",0,
2025-02-21 13:21:32,53,well😘,https://tieba.baidu.com/home/main?un=jingwei081077,https://himg.bdimg.com/sys/portrait/item/tb.1.f9587d4f.zholDzm4rGqq_t8n6OdliA?t=1534387286,,"此刻来到医院，抢个号真不易，也不知道现在有多少得精神类疾病的人，也许这是个庞大的数字。坐在诊室外面，看着人来人往，穿梭在诊室和缴费处，我知道这个世界还有好多我的同伴，还有好多人连迈进医院的勇气都没有，还在自己精神崩溃的边缘兜兜转转着。也有一些人在各种网络媒介中时刻关注着同样的人如何走出康复，祈求有些方法可以拯救自己。
我何尝不是那个曾经的人，也迷茫害怕的要死，就连现在在难受的那个时间段，我还是会有害怕和担忧，害怕自己的状态再次滑落。忍着病痛，试着带着它，带着才会让我们真正放下。
昨天在和心理老师聊的时候，她给了我很大的安慰和夸赞，她认为我已经很了不起了，带着病痛和康复的阻力工作，生活，面对各种复杂多变的环境因素，选择在北京漂泊，这是多么需要勇气和力量。
而我现在也不得不承认自己的脆弱，我，现在要真实的做那个脆弱的自己。
胸口还是紧巴巴的，脑袋也没有开心元素，世界有些灰暗，但那也是我的情绪看到的颜色，那不是真正的我。
我最近可能安慰不到太多的病友们，因为我得承认我最近不好了。
我需要疗愈这次重创的伤口。
没有告诉父母，没我告诉朋友，仅仅我自己和阿饼。",1,
2025-02-22 12:04:02,54,well😘,https://tieba.baidu.com/home/main?un=jingwei081077,https://himg.bdimg.com/sys/portrait/item/tb.1.f9587d4f.zholDzm4rGqq_t8n6OdliA?t=1534387286,,"生活太艰难，艰难到我很无力，压抑的难受极了，这种滋味很久没出现了，还是在这次波动的时候出来了。情绪不会管你到底出了多大的事情，它想来的时候就会随时来临。虽然昨天去游了泳，感觉轻松一些，但是维持的时间并不长，我知道自己的状态已经不太乐观了。
昨天晚上还是只睡了4个多小时，就醒过来了。胸口像压着一块石头一样，让我无法喘气，憋闷感很厉害，我试图让自己通过跳跃好受点，但是这块石头就像是粘在我身上一样，无法挪动。在床上辗转了很久，把阿饼吵醒了，弄得他也无法入睡，最后还是他压在我身上好香是把我胸口的闷排解出来似的，我突然感觉好很多，过了一会儿终于睡着了。
这一觉睡到了早上九点，我已经很欣慰了，毕竟这几天我总是早上没觉，睡不着就起来干活。
抑郁时不去想，多做呼吸练习，观察自己的呼吸，获得平衡稳定和安宁。抑郁时我们很容易被想法和情绪卷走，调入悲观的状态中，这时以觉察者的身份去看待这个事情，要知道情绪的痛苦不是你，你要和它们拉开距离，这几天我经常做深呼吸，将注意力尽量保持在当下，如果想到以后，那么让它停留在那，而我不要深思细悟。
抗抑方法：Emo时身边还是有个人的好，这样自己不会因为孤单而加重焦虑感。如果没有条件只能自己一个人，那要给自己找点能让自己专注的事情做，即使是看肥皂剧。",0,
2025-02-23 15:40:28,55,well😘,https://tieba.baidu.com/home/main?un=jingwei081077,https://himg.bdimg.com/sys/portrait/item/tb.1.f9587d4f.zholDzm4rGqq_t8n6OdliA?t=1534387286,,"今天还是三点半醒的，然后睡不着了，看了会甄嬛传才一点点睡着的，早上迷迷糊糊的睡到了九点多。我知道自己一时半会是这个样子了，好不到哪里去。
我其实蛮好奇自己这次是如何好起来的，我也有点期待这种好起来的感觉。但是无力和疼痛感缠身，站起来的阻力变大了。
上午照例洗了洗衣服，让自己换个心情，感觉今天胃口不太好，不想吃什么，但是又想吃点东西让自己舒服点。
试图通过吃东西缓解一下痛苦。
中午开始在家里原地跑步。跑起来会感觉到身体的疼痛，胸和肋骨附近的肌肉的那种痛。随着身体的上下颠簸，能明显感到疼痛一下一下的出来。
下午跑不动就在床上睡了。
一直带着这个疼痛感生活，确实无力，也确实不能讨厌它，因为我需要接受这个痛苦。",0,
2025-02-23 15:41:33,56,well😘,https://tieba.baidu.com/home/main?un=jingwei081077,https://himg.bdimg.com/sys/portrait/item/tb.1.f9587d4f.zholDzm4rGqq_t8n6OdliA?t=1534387286,,抗抑方法：吃点大蒜，有时候真的能缓解emo的情绪呢。,0,
2025-02-23 16:12:06,57,well😘,https://tieba.baidu.com/home/main?un=jingwei081077,https://himg.bdimg.com/sys/portrait/item/tb.1.f9587d4f.zholDzm4rGqq_t8n6OdliA?t=1534387286,,"虽然我现在还是带着痛苦遭受着病痛，但我还是有段时间没写点有用的东西了，今天我想聊聊我们如何看待“目标”？
当事情只有唯一标准的时候，就会容易让自己陷入到负面情绪中，因为事情的发展往往会偏离自己的预期，而当人们发现事情与自己期待的方向不一致时，就会引发人们的焦虑感。并且，在“应该”的背后还透露着一个信息，那就是“我不够好”。
如果你的生活中也到处充满着“应该”，不妨把“应该""变为“可以”。例如：我可以挣很多钱，我可以在工作中很出色，我可以更加积极阳光。
这种语言带给我们的是积极向上的，正能量的。
变换了语言系统后，可以再思考一个问题：为什么我没有这么做？有的人回答:我认为自己能力不够;
有的人会说这个工作是我妈妈帮我找的，我并不喜欢;
有的人则会说我不知道要如何去做。
而这个答案会比最初的“我应该""要清晰很多，可以让人们愿意带着解决问题的目的来面对现在的情况。同时“我可以”背后含义是:我可以让自己变得更好。
你可以觉察一下平时的注意力都在哪里？是否总是关注自己哪方面没有做好，比如我今天和同事聊天的时候说错话了，我今天又无所事事的什么都没做，我今天又拖延了时间等等吧。
当你关注不想要的东西越多，那么这些东西就会越来越多的充满你的思维世界。因为你的关注都集中在这些负面事情上，而没有精力去创造积极向上的东西。我们可以把这些消极的事情转变为积极的宣言，例如:我是优秀的、我是细致的、我是有爱的、我是受欢迎的、我喜欢我的眼睛、我欣赏我的性格、我被爱包围着、我对世界充满热情。
将这些积极宣言变成习惯后，就开启自我接纳的道路了。
是的，我虽然在生病中，但我今天按时吃饭，我是自律的，注意卫生，我是爱干净的，经常跑步，我对未来充满期待。
我们的心理问题都是来自于自我接纳出现了问题，当我们认为别人不喜欢自己，其实是源自内心中对自己的评价是否定的，别人的态度很多时候只不过是我们的内心投射，如果拥有足够的自我接纳，当某个人不认同自己，我们也不会放在心上，因为我们自己认可自己。
就像这次我面对裁员，面对领导对自己的不认可，内心其实是怀疑自己甚至是否定自己的，对自己的接纳感还是欠缺很多。
未来在不断接纳中完善自我，也许emo会慢慢好起来。",0,
2025-02-24 19:14:48,58,well😘,https://tieba.baidu.com/home/main?un=jingwei081077,https://himg.bdimg.com/sys/portrait/item/tb.1.f9587d4f.zholDzm4rGqq_t8n6OdliA?t=1534387286,,今天交接工作，内心还是不免焦虑，我并不开心，尤其是周围那么多的同事都在问我，和我聊，我很累，也不想受外界的影响。,2,
2025-02-25 08:23:29,59,well😘,https://tieba.baidu.com/home/main?un=jingwei081077,https://himg.bdimg.com/sys/portrait/item/tb.1.f9587d4f.zholDzm4rGqq_t8n6OdliA?t=1534387286,,"早上依旧醒的早，四点半就睁开眼睛了。我索性起来开始原地慢跑，感觉还好，跑一会的确比在床上辗转要舒服很多，而且心口憋闷的感觉会减轻一些。屋子里不开电暖气还是挺冷的，我也只能跑一会，不穿厚一点的衣服坚持不了多久。
过一会我还是睡了，早上冷不丁的被⏰叫醒，因为没睡醒的缘故，心里多少还是赖床的，不想起，但要上班，还是硬着头皮起来。虽然躯体症状还在，但我不排斥它，我还要好好对待它。
接受我的emo，我要尽量慢下来。",0,
2025-02-25 17:57:46,60,well😘,https://tieba.baidu.com/home/main?un=jingwei081077,https://himg.bdimg.com/sys/portrait/item/tb.1.f9587d4f.zholDzm4rGqq_t8n6OdliA?t=1534387286,,"下午开始搬工位，感觉还好，但是心理还是有不舒服的感觉，其实我并不开心，emo猛烈的重创着我
，让我感觉不太稳定，而且它会让我感觉行动力减弱，不想动，也不爱动，只想静止在一个角落里，然后静静的让自己以自己舒服的方式待着。
觉察到自己躯体不适，能坚持就坚持吧。",0,
2025-02-26 10:30:33,61,well😘,https://tieba.baidu.com/home/main?un=jingwei081077,https://himg.bdimg.com/sys/portrait/item/tb.1.f9587d4f.zholDzm4rGqq_t8n6OdliA?t=1534387286,,"觉察对于emo的人来说很重要，这是拉开情绪感受和本我之间距离的一个方法。早上我很不舒服，这已经成为了我最近的常态，允许它的存在。起来那一刻还是行动力退化，觉察到情绪低落，身体感受憋闷，想法是我不想上班，行为就是赖在被窝里。
心理现象如果不想被它吞噬，就要学会和它拉开距离，试着观察，而不为所动。
每一次练习都是一次积累。
观察一下内在发生了什么现象，你是观察者，带着一点点好奇，就像站在岸边，静静的观察着溪流，不参与其中。",0,
2025-02-26 19:37:22,62,well😘,https://tieba.baidu.com/home/main?un=jingwei081077,https://himg.bdimg.com/sys/portrait/item/tb.1.f9587d4f.zholDzm4rGqq_t8n6OdliA?t=1534387286,,"这一天是我到新岗位的第一天，说不上来好还是不好，也说不上来有没有什么期待。
但是我异常的好，状态可以，面对的确比逃避要强，加油！加油！",0,
2025-02-27 14:06:15,63,wk591,https://tieba.baidu.com/home/main?un=wk591,https://himg.bdimg.com/sys/portrait/item/tb.1.ebdbf2be.0J_4myGE1dhAqFrqKgH9Aw?t=1758682337,,和一些积极的人多相处，真的会带来很多积极的影响，抑郁的人相互交流会让自己更加肯定自己的抑郁，再加上生活上，工作上，人际交往交流上很多自己无法控制的因素，越想顺利结果却并不顺利，导致自己抑郁，不如摘出自己比较喜欢的事情有空经常做一做，放弃一些不必要的，为了很好的生活，其实应该已经很努力了，但总有不如意的，有些过不去的坎如果找不回来能放就放吧，一切简单点，哪怕是个带棱角的圆呢,1,
2025-02-28 22:57:58,64,well😘,https://tieba.baidu.com/home/main?un=jingwei081077,https://himg.bdimg.com/sys/portrait/item/tb.1.f9587d4f.zholDzm4rGqq_t8n6OdliA?t=1534387286,,"这两天太忙，我身体又有点吃不消了，前几天连续的emo让我消耗了过多的精力和元气。干眼症有点躁动，我难受了，还要加班。很多人跟我说，凡事要往好了看，但是这件事情怎么看，怎么都觉得不好。所以其实摆烂是最好的。
总是在想象未来的人，是没有未来的。
因为未来不是想象出来的，而是创造出来的。
其实，最难熬的时候，你真的会觉得，自己的人生像过山车，已经失控的过山车。
明天还要加班，晚安各位！",0,
2025-03-02 17:17:50,65,well😘,https://tieba.baidu.com/home/main?un=jingwei081077,https://himg.bdimg.com/sys/portrait/item/tb.1.f9587d4f.zholDzm4rGqq_t8n6OdliA?t=1534387286,,"昨天加班到12点，加班的沉重仍压在肩头，然而，当我踏入那片湛蓝的水域，所有的疲惫仿佛被水流轻轻带走。游泳，是我最心爱的解压方式，是我与自我对话的静谧时刻。水波温柔地包裹着我，仿佛将我带入另一个世界，那里没有喧嚣，没有压力，只有我与水的亲密交融。
在水中，我仿佛化身为一条自由的鱼，轻盈地穿梭于碧波之间。尽管我的动作缓慢，但每一次划水、每一次踢腿，都让我感受到一种前所未有的舒畅。水流的阻力不再是阻碍，而是与我共舞的伙伴，推动着我一点一点前行。那种缓慢而坚定的前进，让我感受到生命的节奏，仿佛时间也在水中变得柔软而悠长。
最让我自豪的是，我还能一口气游个来回。那一刻，我感受到自己的力量与韧性，感受到身体与心灵的完美契合。水中的世界，是我心灵的避风港，是我疲惫时的治愈之地。每一次潜入水中，我都仿佛重新找回了自己，找回了那份纯粹的快乐与自由。",0,
2025-03-04 20:43:59,66,well😘,https://tieba.baidu.com/home/main?un=jingwei081077,https://himg.bdimg.com/sys/portrait/item/tb.1.f9587d4f.zholDzm4rGqq_t8n6OdliA?t=1534387286,,新工作开始了，我适应的异常的快，也许还是有之前岗位的影子，这栋楼还是我熟悉的楼，人也是我比较熟悉的人，并不陌生。只是现在还是总是哈欠特别的多，中午被周围的环境影响的睡不好觉，感觉emo的人中午睡觉后下午的精神状态真的好很多很多。新的环境意味着要尝试新的工作状态了，我知道这里的人素质并不是特别高，但是以我目前的处境，所谓的“被贬”到这里，也确实需要点苏轼的豪放了。,0,
2025-03-04 20:50:36,67,well😘,https://tieba.baidu.com/home/main?un=jingwei081077,https://himg.bdimg.com/sys/portrait/item/tb.1.f9587d4f.zholDzm4rGqq_t8n6OdliA?t=1534387286,,"“人生到处知何似，应似飞鸿踏雪泥。泥上偶然留指爪，鸿飞那复计东西。”
希望我也能像被贬的苏轼那样，即使在贬谪之中，依然能够保持乐观。",0,
2025-03-08 23:08:28,69,well😘,https://tieba.baidu.com/home/main?un=jingwei081077,https://himg.bdimg.com/sys/portrait/item/tb.1.f9587d4f.zholDzm4rGqq_t8n6OdliA?t=1534387286,,"三月的计划就是“创新”，也就是给自己点新鲜的尝试。
深呼吸，闭上我的眼睛，全世界有最新的氧气。
这个月尝试变换自己的环境和习惯，练习一下适应不确定性和恐惧。是的，所有的阻滞感都源于一个名为恐惧的东西。抑郁的时候，会恐惧康复后的生活，恐惧没有人再像今天这么关心我，恐惧自己还要面对那么多的人生课题；焦虑的时候，会恐惧下一次焦虑发作，恐惧和人说话时候的尴尬，恐惧门外面那个无法适应的世界；生活的时候，会恐惧身材不够好，恐惧颜值不够高，恐惧别人比自己强，恐惧他人的自洽和自己的慌乱。
所以无所畏惧的尝试一个新的路径，不管它是否走通，先尝试一个月。
不用思考太多，横冲直撞的去犯错误，当别人还在思考得失时，我已经犯了五个错误，并找到了更好的方法改进。
不管找到任何方法，不管它是否有效，先尝试一个月。
先开始战斗，然后在战斗中学习和成长，都说成长是不断杀死过去自己的过程，但也意味着，打破、推翻、重塑。
每一个痛苦的瞬间，都在告诉我，正视自己的无能和愚昧，推翻之前所有的一切进行全新的认知重组。就像这两天我换岗，对于新的工作也是在不断打破，推翻我之前对它的害怕，重塑我对于工作的认知。它有“可怕”的方面，也有让我很容易战胜的地方。对于前一份工作岗位，对于岗位胜任能力我有不足，我承认自己和人精的这种差距。但我接受不了被淘汰，这就是我的无能和愚昧。认识到自己不行的地方，也可以知道自己能做什么。",0,
2025-03-16 15:00:26,70,well😘,https://tieba.baidu.com/home/main?un=jingwei081077,https://himg.bdimg.com/sys/portrait/item/tb.1.f9587d4f.zholDzm4rGqq_t8n6OdliA?t=1534387286,,"最近的工作状态忽上忽下，忙的基本没时间抽空写帖子。春天是个好时节，但对于我们不是很友好，大家严格注意情绪的波动，做好预防。
基本从低谷爬出来了，接下来就是应付工作中新的挑战。最简单的就是没完没了的工作量，也是肝火太旺，我最近干眼症有些复发，上周五感觉眼睛痛，不想睁开。强忍着痛苦干完了活儿，真的很棒了。
接下来计划缓解一下疲劳状态，让自己恢复一下元气。今天心理咨询，想和老师聊聊接下来的咨询路径，毕竟也做了有一段时间了。",0,
2025-03-16 17:15:10,71,well😘,https://tieba.baidu.com/home/main?un=jingwei081077,https://himg.bdimg.com/sys/portrait/item/tb.1.f9587d4f.zholDzm4rGqq_t8n6OdliA?t=1534387286,,"“答案不在心理咨询师那里，而是在自己身上。”这是老师告诉我的，她试图帮助我找到真正的那个自己，而不是通过几点简单的建议短期止痛。
这次咨询感觉老师在引导我说出自己的需求，我也要学会在任何人面前敢于说出自己的需求，好好的说，平和的说，但要勇敢一点。不要为了维系关系而委屈压抑自己。",0,
2025-03-19 19:30:48,72,well😘,https://tieba.baidu.com/home/main?un=jingwei081077,https://himg.bdimg.com/sys/portrait/item/tb.1.f9587d4f.zholDzm4rGqq_t8n6OdliA?t=1534387286,,"从上周五开始干眼的老毛病还是来找我了，不知道这次到底是因为什么导致的，可能是交接境外企业报表时被二级单位领导说，再加上第二天紧接着具体对接人和我公开吼了起来，我的火儿真的是蹭一下就起来了，毕竟当着这么多人的面儿，我也是头一次在办公室和人家吵起来：也有可能是新岗位工作比较累，用眼过度没及时休息过来。总之目前我的病开始折腾我，今天硬是没起来，下午又睡到了三点多，感觉身体酸疼，害怕能否这个岗位上撑的住，这个念头经常出现，但目前我没得地方可去，即使有些说得过去的证书和大央企的工作经验，在多大的城市竟然没有我的“立足之岗”，想想有点无奈和心酸。
男朋友总是不放心的过来看我，我知道我又让人担心了。以为过了“裁员”的关，可以顺利点坦然些，但老天总是给我出难题，这次的难题直接是身体的问题，我也不能和身体硬克，毕竟我只有它了。
期待我的眼睛可以慢慢好起来，让我有能量去应付这份说不上好但也勉强维生的工作吧。",0,
2025-03-20 20:42:53,74,well😘,https://tieba.baidu.com/home/main?un=jingwei081077,https://himg.bdimg.com/sys/portrait/item/tb.1.f9587d4f.zholDzm4rGqq_t8n6OdliA?t=1534387286,,"今天👀还是不舒服，眼角一阵阵的疼痛。懒懒的在床上辗转，因为不想起来，直到中午我才慢吞吞的起来穿衣服，这样的日子从去年底开始，工作的强度让我一下子开始不想起床了，对于一个精神都容易出问题的人来说，我真的很难，还要应付工作。
男朋友看不下去，这不，正在帮我搞一些工作数据，让我减轻点工作量。感恩有他！",0,
2025-03-21 13:23:12,75,well😘,https://tieba.baidu.com/home/main?un=jingwei081077,https://himg.bdimg.com/sys/portrait/item/tb.1.f9587d4f.zholDzm4rGqq_t8n6OdliA?t=1534387286,,今天👀还是不舒服，眼角一阵阵的疼痛。懒懒的在床上辗转，因为不想起来，直到中午我才慢吞吞的起来穿衣服，这样的日子从去年底开始，工作的强度让我一下子开始不想起床了，对于一个精神都容易出问题的人来说，我真的很难，还要应付工作。男朋友看不下去，这不，正在帮我搞一些工作数据，让我减轻点工作量。感恩有他！,0,
2025-03-22 18:38:27,76,well😘,https://tieba.baidu.com/home/main?un=jingwei081077,https://himg.bdimg.com/sys/portrait/item/tb.1.f9587d4f.zholDzm4rGqq_t8n6OdliA?t=1534387286,,抗抑方法：游泳，根据自身经验挺不错，适合感觉胸口压抑的朋友们。我每次游完都会感觉卸下去很多的心理包袱！,0,
2025-03-23 09:28:01,77,well😘,https://tieba.baidu.com/home/main?un=jingwei081077,https://himg.bdimg.com/sys/portrait/item/tb.1.f9587d4f.zholDzm4rGqq_t8n6OdliA?t=1534387286,,游泳后感觉很疲惫，最近真的太能睡了，工作的疲惫，精神松弛下来也疲惫找上门来，每天九点才能爬起来，生活确实可以把人压垮，珍惜当下的每一分钟吧。过去了就不再回来。,0,
2025-03-30 11:14:15,78,well😘,https://tieba.baidu.com/home/main?un=jingwei081077,https://himg.bdimg.com/sys/portrait/item/tb.1.f9587d4f.zholDzm4rGqq_t8n6OdliA?t=1534387286,,"最近被干眼折腾的够呛，没有多少精力写帖子，除了工作就是闭眼睛养病。
虽然我基本上是适应了新的工作环境和岗位，但还是在接手新岗位的时候不是很顺畅，尤其是我们室的林姐姐的脾气会让我一时有点不舒服。她是个脾气有点大的人，而且喜欢怼人。我那天不小心和她抱怨了一下目前接受的工作难点，没想到她很不愿意我的这种状态，我其实也只是抱怨一句而已，没有其他的意思，也没故意给她灌输负面的情绪。我知道自己可能还是要注意自己的言谈，毕竟人家可能本来工作就很焦灼了，我再在这个时候和她聊这个加重了她内心的压力和烦躁。
后来我和我的费老师聊起了这种感受，她给了我比较客观的认知，我感觉可以放心这样的人。虽然“毒舌”了些，但这种攻击型人格其实也没那么可怕。但我因此心态下滑，甚至有憋闷不适的感觉了。也因为这个情绪，我还和男朋友争吵了起来，他一门心思的劝我开导我，但我似乎并不买账，我觉得我该反思自己在工作中的问题，比如我是不是不够细心和认真等，他更觉得我在消极应对这个新的岗位。我的情绪在和他的对话中不断地被激起，我知道自己在情绪的漩涡中折腾了起来，我把自己平时内心积攒的不开心都倒出来，像个气的鼓鼓的皮球，谁捅我我就会炸。
那一晚我没睡好，睡了几个小时，然后又爬起来上班去了。
和费老师聊了后，我知道了自己内心困惑的点和接下来如何应对，其实我没错，谁都没错，都是性格和心理导致的不同而已。
我就该认可自己的不同，自己的特点，我就是这样一个人，我必须接受。",0,
2025-03-30 11:50:37,79,well😘,https://tieba.baidu.com/home/main?un=jingwei081077,https://himg.bdimg.com/sys/portrait/item/tb.1.f9587d4f.zholDzm4rGqq_t8n6OdliA?t=1534387286,,"我最近看了一篇文章，说的就是人自我客体化的问题，我其实就是属于那类人，一个容易紧张，容易因为别人的眼神和语言而内心崩塌的人。
客体化的背后，是来自其他主体的隐形规则枷锁。
比如从小父母的教育，你要怎样， 你绝对不能怎样；工作后社会告诉你，你要自律，要上进，要服从公司管理。包括在感情里，大部分的相亲男都会在他的择偶标准上写上那么一句“期望女方是温柔、包容的，能提供一定的情绪价值，不接受作的和负能量女友等”。
所以每次相亲，我都会让自己看起来比平时更加的阳关和温柔，也许这是打开相亲之门的钥匙，如果你连这都没有，你就连被看上的机会都少了一大半。
这些“规则”无处不在，让你识别不了，也无法反抗，以至于自己时刻要提醒自己，要这样这样，不要那样那样。
所以我变成了现在的这个我，我的创造力和个性被压抑，自己活不出来自己想要的样子了。
我成为了一个别人眼中的自己。
我很少能静下来坐着发呆，发呆很舒服，也能让我尽量回归到自己的主体性上。
坐在椅子上，手里粘着佛珠，闭着眼静静地待着，就这样呆坐一会儿。
内心的稳定性会慢慢找回来，这就是正念静坐的力量吧。我相信这个方法适用于每个人。",0,
2025-03-31 08:53:02,80,well😘,https://tieba.baidu.com/home/main?un=jingwei081077,https://himg.bdimg.com/sys/portrait/item/tb.1.f9587d4f.zholDzm4rGqq_t8n6OdliA?t=1534387286,,有的时候不要刻意和病抗争，该怂得时候还是要吃药，还是要吃药找医生的。这几天我的情况不太好，出于工作的改变和人际关系的问题，内心不舒服的点又被触碰了。过几天还是打算去一趟医院看看，毕竟现在还有眼病复发，双重夹击。能否挺过去我也有点不自信。,0,
2025-04-02 10:14:49,81,wk591,https://tieba.baidu.com/home/main?un=wk591,https://himg.bdimg.com/sys/portrait/item/tb.1.ebdbf2be.0J_4myGE1dhAqFrqKgH9Aw?t=1758682337,,把自己的特别在意和久久不能放下的事写到本子里，能尝试放下的就放下，能解决的就去解决，放不下的就让它呆在本子里，事情还是要慢慢的来，其实最烦人的不是事，是处理事情时要接触不同的人，处理复杂的人际关系，但真的不要为了别人刻意去改变自己，时间长了你会觉得自己越来越废物的，明明做了那么多的事情，其实自己也是个很努力的人，多认可自己，多肯定自己，每天多给自己积极的暗示，累了就休息，不想做了就放一放，任性一下又怎样，把自己变成机器才是最可悲的。,1,
2025-04-02 20:02:00,82,well😘,https://tieba.baidu.com/home/main?un=jingwei081077,https://himg.bdimg.com/sys/portrait/item/tb.1.f9587d4f.zholDzm4rGqq_t8n6OdliA?t=1534387286,,人生有好多事是阴差阳错的，比如我的工作，刚在这个位置上做了一个月，又放出来其他岗位，让人垂涎，可是现在如果自己选择放弃目前的，我又觉得对不起现在的领导，唉，真的好难。不确定的各种因素充斥着我的内心，让我安定不下来，我只能说自己要好好的，别想太多。,0,
2025-04-03 19:04:12,83,well😘,https://tieba.baidu.com/home/main?un=jingwei081077,https://himg.bdimg.com/sys/portrait/item/tb.1.f9587d4f.zholDzm4rGqq_t8n6OdliA?t=1534387286,,早上早早醒来，睡不着了。六点钟就开始在床上瞪着眼睛了，心里想着昨天和lwh聊的情况，自己是不是把话说的太满了，说的肯定就会让人觉得我就是想去他们部门喽。但我想起来如果要去，还是要和之前的领导面对面，害怕和恐惧，焦灼和抵触充斥，我内心倒腾了许久，翻江倒海的难受。,2,
2025-04-04 21:27:20,84,well😘,https://tieba.baidu.com/home/main?un=jingwei081077,https://himg.bdimg.com/sys/portrait/item/tb.1.f9587d4f.zholDzm4rGqq_t8n6OdliA?t=1534387286,,刚从老师那儿离开，当老师说我很需要被善意的温暖的环境接纳时，我需要一个奶奶那样更柔软的人承接我的情绪，我眼圈湿润了，我被理解的时候内心会很释然。相信今晚会睡个好觉。,0,
2025-04-05 20:45:11,85,well😘,https://tieba.baidu.com/home/main?un=jingwei081077,https://himg.bdimg.com/sys/portrait/item/tb.1.f9587d4f.zholDzm4rGqq_t8n6OdliA?t=1534387286,,"生活本来就是来折磨我们的，我们学会享受生活带给我们的细小的喜悦依然是恩赐了。
最近自己还是贪食了些，利用假期好好缓冲一下，感觉还是挺舒服的，不那么想吃东西了，自己一个人待在家里，静静的看着鱼缸中的小虾自由的游弋着，它们一致在孜孜不倦的用自己的爪子不断地摩擦着水草。我却没有那么大的耐心看着它们，还是很想动来动去的，我知道自己内心不够平静，没有平静到可以一直耐心的看着小虾们细小的动作。
晚上来男友家帮他补课，但是我们到一起基本上就是在耗费很多时间，吃个饭，走个路就感觉时间瞬间滑过。这也是我有时候谈恋爱时会焦虑的点。因为我会对时间的滑过而感到焦虑。我喜欢充分利用时间，而不是耗费太多在没有让自己特别充实的事情上。有时候不写写日记我就会感觉空虚，不收拾一下屋子就感觉自己的生活乱作一团，很是邋遢。我喜欢循规蹈矩吗？我不知道，我只是觉得我喜欢规律整齐的生活样式。多边形的生活状态我不是很喜欢，我喜欢把事情都掌握在自己的手中，不要无法控制的自由乱跑。就像我此刻在写日记，但如果不写，我会感觉很不舒服。，就像早上没吃早饭，晚上睡前没洗脸似得。",0,
2025-04-05 20:46:12,86,well😘,https://tieba.baidu.com/home/main?un=jingwei081077,https://himg.bdimg.com/sys/portrait/item/tb.1.f9587d4f.zholDzm4rGqq_t8n6OdliA?t=1534387286,,今天总体平静，不是很波动的一天，不需要依靠食物让自己欢心，自己内心宁静下来最重要，不向外奢求，而让内心稳定下来吧。,0,
2025-04-06 18:16:52,87,well😘,https://tieba.baidu.com/home/main?un=jingwei081077,https://himg.bdimg.com/sys/portrait/item/tb.1.f9587d4f.zholDzm4rGqq_t8n6OdliA?t=1534387286,,"最近在看电视剧“我的后半生”，男主沈教授特别相中的聂娟娟教授一个人孤苦无依的，但当我看到她淡然而又优雅的气质，让我感觉，不管生活怎样对待她，她的心态很平静，因为她有自己的精神追求吧。她说的一段话很感染到我，
“人生就是不断的告别，
死，我是看淡了
我这个左手只能举到这儿
我走路有时也会失去平衡
死亡并不可怕，
但是残缺的生活确实每天都要面对的
还是尽可能的简单吧”
是呀，生这个病对于我们来说就是一种残缺的生活，
有时候无力，有时候焦虑，有时候难过
起起伏伏的状态，也少有人理解，
在医院遇到一位排在我前面看病的姐姐，
主动和我搭讪，她的状态不被家人理解，
反而被家人变本加厉的要求很多，
她整宿的睡不着，我很难想象那是一种怎样的感觉，因为对我来说睡觉还不至于失眠，除了前段时间被裁员时折腾的够呛
我只是频繁的点着头，已经不在乎她说的具体内容，
只觉得应该对她施以同情。
我不想看到这样的人生，太可悲。
残缺的生活，我们尽量报之以期待，
但不要想什么未来
谁知道未来呢？
愿我们身心健康，每天平静。",0,
2025-04-08 21:44:50,88,well😘,https://tieba.baidu.com/home/main?un=jingwei081077,https://himg.bdimg.com/sys/portrait/item/tb.1.f9587d4f.zholDzm4rGqq_t8n6OdliA?t=1534387286,,"今天还是被毒舌姐姐的暴躁给弄的有点睡不着午觉，我能做的就是…闭嘴…心静静的…
晚上少吃，早点躺下正念起…",0,
2025-04-10 18:40:01,89,well😘,https://tieba.baidu.com/home/main?un=jingwei081077,https://himg.bdimg.com/sys/portrait/item/tb.1.f9587d4f.zholDzm4rGqq_t8n6OdliA?t=1534387286,,其实很崩溃，这个工作干到现在，我都已经累的记不住很多东西，只是机械的一遍遍的干着工作，但是今天还是做错了一个工作，导致付款付错了账户。唉，好累。,0,
2025-04-14 09:10:55,90,well😘,https://tieba.baidu.com/home/main?un=jingwei081077,https://himg.bdimg.com/sys/portrait/item/tb.1.f9587d4f.zholDzm4rGqq_t8n6OdliA?t=1534387286,,回京。要保持好现在的好心情！,0,
2025-04-16 14:04:43,91,well😘,https://tieba.baidu.com/home/main?un=jingwei081077,https://himg.bdimg.com/sys/portrait/item/tb.1.f9587d4f.zholDzm4rGqq_t8n6OdliA?t=1534387286,,抗抑方法：有的时候我们忧愁是因为我们的思维被念头占据，找个忙碌的工作，简单且重复的那种，就像我现在的财务岗位希望，枯燥简单忙碌，不需要动脑，但是就是有些累，抑郁的状态就好很多。,0,
2025-04-18 10:11:13,92,well😘,https://tieba.baidu.com/home/main?un=jingwei081077,https://himg.bdimg.com/sys/portrait/item/tb.1.f9587d4f.zholDzm4rGqq_t8n6OdliA?t=1534387286,,手指头开始因为工作太累而疼痛了，病一直折磨着我，工作的强度变大，我的身体有点吃不消了，再坚持一段时间吧,0,
2025-04-18 17:36:43,93,well😘,https://tieba.baidu.com/home/main?un=jingwei081077,https://himg.bdimg.com/sys/portrait/item/tb.1.f9587d4f.zholDzm4rGqq_t8n6OdliA?t=1534387286,,手指根部疼痛，不想用鼠标，啊想干活儿。,0,
2025-04-19 18:54:08,94,well😘,https://tieba.baidu.com/home/main?un=jingwei081077,https://himg.bdimg.com/sys/portrait/item/tb.1.f9587d4f.zholDzm4rGqq_t8n6OdliA?t=1534387286,,"手的疼痛感没有减轻，还是折磨着我，昨天单位搬家，大家忙的死去活来的，我也没办法提前回家，一直到深夜才回来。
路上还和男朋友吵了一架，起因是在见了我父母之后他没有再和我主动提及结婚的事情，我心里觉得他内心为什么就没有这个意识，理解不了有时候他的不表达，也因此而伤心。车上我先试图问他回家后父母有和你聊了什么，但是他的回答都是无关痛痒鸡毛蒜皮的小事，丝毫没答到点上，我问他父母没提咱俩未来的事嘛？他的回答是父母不管，他自己来定就可以。我又问他的打算是什么？他的意思是如果我着急可以先领证，再双方父母见面就直接办婚宴，但是考虑到我肯定不同意呀，所以只能等到他考完试再说。我理解不了他为什么不把这些话主动和我说一下，如果不说，我只会认为你不把我的感受当回事，或者说这件事本来就该有个回复，我也好向我父母渗透一下意思，也让他们不比为此担心，我不知道我想的有没有问题……
说话说到点上，这是我一直希望他能做到的。
希望以后能好一点吧。",2,
2025-04-22 13:05:36,95,well😘,https://tieba.baidu.com/home/main?un=jingwei081077,https://himg.bdimg.com/sys/portrait/item/tb.1.f9587d4f.zholDzm4rGqq_t8n6OdliA?t=1534387286,,其实，我最近疲惫加上和新岗位的同事不是特别聊的来，话少喜欢发呆，我接受自己的现状，我接受自己病怏怏的外在，只有这样自己才会舒服。,0,
2025-04-29 19:15:27,96,well😘,https://tieba.baidu.com/home/main?un=jingwei081077,https://himg.bdimg.com/sys/portrait/item/tb.1.f9587d4f.zholDzm4rGqq_t8n6OdliA?t=1534387286,,今儿去了2025年第一次面试，感觉比之前要好，状态饱满些，回答自信些。,0,
2025-04-30 15:00:59,97,well😘,https://tieba.baidu.com/home/main?un=jingwei081077,https://himg.bdimg.com/sys/portrait/item/tb.1.f9587d4f.zholDzm4rGqq_t8n6OdliA?t=1534387286,,"今天是第100天帖子，感觉应该说点庆祝的话。
我的状态也随着第100条帖子变得好起来了，不知道是吃安慰剂的缘故，还是自己经历磨难后认知有些改善，总之，感觉还算平稳，没有大起大落的情绪就是好情绪。
最近不好的是自己贪食的症状比较明显，催吐的比较明显。不知道问题的来源于什么，只是清晰的看到自己对食物有停不下的感觉。这种感觉说不上来，没有因为焦虑，也没有因为emo，也许是目前的工作节奏和工作量太大导致的我吃东西都很快嘛？
也许是我白天太累了，时间被挤压很多，没有空闲点，所以晚上回来报复性娱乐吗？
不知道自己的状态和肠胃能否回转，希望吧，现在已经开始克制饮食了。",0,
2025-04-30 22:22:22,99,well😘,https://tieba.baidu.com/home/main?un=jingwei081077,https://himg.bdimg.com/sys/portrait/item/tb.1.f9587d4f.zholDzm4rGqq_t8n6OdliA?t=1534387286,,希望明天的工作顺利，五一真的要劳动了哦！,0,
2025-05-01 18:40:34,100,well😘,https://tieba.baidu.com/home/main?un=jingwei081077,https://himg.bdimg.com/sys/portrait/item/tb.1.f9587d4f.zholDzm4rGqq_t8n6OdliA?t=1534387286,,"今天是五一劳动节，本应是休息的日子，却不得不加班。每当听到身后的林姐发出疲惫的叹息或烦躁的抱怨时，我就更加深刻地意识到，这份工作的强度和压力远超想象。即便是那些抗压能力极强的人，恐怕也难以长期承受，更何况像我这样的职场新人。或许，离开才是最好的选择。
刚刚，林姐因为过度劳累而忍不住骂了几句。看得出来，她的压力已经濒临极限。她说：“能做到总账岗位的，都不是一般人。”确实，以前从未想过财务工作会如此辛苦，更让人无奈的是，这种辛苦并非源于高难度的技术挑战，而是日复一日地应对各种表格里不断变动的数据，机械而繁重。
由于今天赶制报表的紧张节奏，我的胃痛明显加重了。那种疼痛像是痉挛，但又无法确定具体原因，连吃药似乎都不太见效。",0,
2025-05-03 22:16:07,102,well😘,https://tieba.baidu.com/home/main?un=jingwei081077,https://himg.bdimg.com/sys/portrait/item/tb.1.f9587d4f.zholDzm4rGqq_t8n6OdliA?t=1534387286,,"自从五一加班后我昨天在家睡了快一天，晚上依然不会因为白天睡觉而失眠，我知道自己真的是累的够呛这次。
今天上午去医院看看脾胃病，这几天被疼的够呛，感觉坐在那都有一种撑不住的感觉。
医院的患者丝毫没有因为现在是五一小长假而少了多少，反而是有增无减。也可能平时大家普遍因为上班忙没有时间来看病吧，很多人等着长假来看病调养身体。我上午还是贪睡了很长时间，爬起来都已经九点了，如果不是今天上午要看病，估计我肯定不会这么勤快的，难得放假，我真的很想懒散一些。到了医院感觉自己的号在90号之后了，估计又要等上相当长的一段时间，在西苑看脾胃病的人算是比较多的了，也许这个医院的脾胃病看的还蛮不错。我来主要是开点药缓解一下我的疼痛感。趁着候诊时间，我还是尽量让自己多看看关于我要复试的那家单位的行业情况，也不知道将来物业行业会怎样？要不要选择这个单位，我真的是有点纠结......等到我的号大夫询问了我的症状后感觉我疼的地方不是胃，可能是肝气不顺逆反到了肋骨附近的位置，我再三和大夫确认到底疼的地方是不是胃炎的地方，大夫似乎觉得我的问题是肝气不舒导致的原因更大，而且从之前胃镜的结果看并没有什么大碍。我这个人最大的问题就是问大夫的话一般都要问两遍，好像第一遍的回答不足以让我信服，我得再听到一次同样的回答内心才算是满意。等我问两遍后我基本上放了心，起身谢了大夫就去开药了。
我知道虽然自己最近没有什么情绪，但是也许身体体内本身就有一些肝气郁结，我真的要好好注意些，保护好自己的身体了，前段时间也是贪食让自己真的很不正常，饮食不节制导致我的胃开始疼痛，后期不好是肝郁气滞的原因更多，因为饮食的问题还不至于症状这么严重。",1,
2025-05-03 22:24:00,103,well😘,https://tieba.baidu.com/home/main?un=jingwei081077,https://himg.bdimg.com/sys/portrait/item/tb.1.f9587d4f.zholDzm4rGqq_t8n6OdliA?t=1534387286,,"中午我和阿炳吃了一家广东鸡煲火锅。下午，新买的笔记本电脑搁在桌上。我对着这机器发愣，分明是个脑盲，连最普通的操作也弄不来。他坐在旁边，手指在键盘上敲打，眉头却皱得能夹死苍蝇。
""这破软件设计得真反人类，""他嘴里嘟囔着，""设置项藏得比地鼠还深。""考试复习的资料堆在桌角，纸页上爬满荧光笔的痕迹，黄一道绿一道，像是某种焦虑的条形码。
我听着那些抱怨，胃里渐渐拧成一团。每一声叹息都像小锤子，敲在我太阳穴上。我想还不如直接找我的运维同事大虾米呢。大虾米指点后我知道了接下来解决的方向，但也因此阿饼内心不开心了。
我把嘴撅得能挂油瓶，嘟嘟囔囔说些自己也理不清的怨言。他也绷不住了，越说越激动。
眼泪来得比理智快。咸水珠子滚到嘴角时，他还是蹲在我面前一个劲的哄我给我擦眼泪，我就是不买账，我只是不能接受他今天声音变得很大，我想起了我的父亲，童年的不开心......
后来我们和解了，他说他当时是很生气，毕竟他也想在我面前做的让我很满意，可是我却着急的去找了别人，本来他是可以给我解决的。但不会妨碍他对我的爱，也不会因此不爱我，他还是那么的爱我。
相爱的人，总是把最尖的刺朝向最柔软的肚皮。希望我们都好好的。",2,
2025-05-08 19:51:30,104,well😘,https://tieba.baidu.com/home/main?un=jingwei081077,https://himg.bdimg.com/sys/portrait/item/tb.1.f9587d4f.zholDzm4rGqq_t8n6OdliA?t=1534387286,,"今天在工作上出现了很大的失误，和之前犯了同样错误，我很自责，感觉没有把自己之前的问题改好。当业务人员走到我面前和我说付错某航的账户时，我大脑嗡的一下。我真的好笨，无奈和自责，愧疚和自卑，本来前两天刚被毒舌姐姐说了一通，想着如何让自己更好立足于这个部门，结果因为这个错误这两天刚积累起来的成绩瞬间轰塔。有种干不下去的想法……我知道是同事教我时说的太快我没有深刻领悟，结果在操作时出现了问题。但我不能向领导说些，这是在为我自己找借口……
好难过………",0,
2025-05-09 13:30:39,105,well😘,https://tieba.baidu.com/home/main?un=jingwei081077,https://himg.bdimg.com/sys/portrait/item/tb.1.f9587d4f.zholDzm4rGqq_t8n6OdliA?t=1534387286,,"心情不好，还是自责，内心痛苦。
中午没怎么睡着。
下午大气不敢喘，接着干活。",2,
2025-05-10 22:30:23,106,well😘,https://tieba.baidu.com/home/main?un=jingwei081077,https://himg.bdimg.com/sys/portrait/item/tb.1.f9587d4f.zholDzm4rGqq_t8n6OdliA?t=1534387286,,"刚刚听了一首老歌张杰的《我们都一样》，那似乎是很多年很多年前的歌曲了，好像是上大学时就已经传唱。
歌词写的真好，我想分享给每一位还在忍受身心病痛的朋友们，希望你们能够挨过那夜的黑暗，看到胜利的光明。
“我想我们都一样渴望梦想的光芒
这一路喜悦彷徨不要轻易说失望
回到最初时光
当时的你多么坚强
那鼓励让我难忘
你知道我的梦你知道我的痛
你知道我们感受都相同
就算有再大的风也挡不住勇敢的冲动
努力地往前飞，再累也无所谓
黑夜过后的光芒有多美
分享你我的力量，就能把对方的路照亮”
我知道此刻被病痛困扰的你，身体仿佛被乌云笼罩，但请相信，那些在黑暗中闪烁的星光从未熄灭。
就像我的咨询师，她昨天和我说的话，要好好呵呵好自己的这颗心，因为你值得被保护好。
我很坚强，还差点勇敢，她在我的身上看到了那么多闪闪发光的品质，我要给自己足够的鼓励。
我知道你的痛，知道你此刻的无助，病痛是残忍的，
但就像歌词里唱的""你知道我的梦你知道我的痛，你知道我们感受都相同""。
请记住，你从来不是孤身一人。
任何痛苦，都是生命必经的试炼。
就像歌词里说的""就算有再大的风也挡不住勇敢的冲动""，我们体内都藏着超越病痛的力量。",0,
2025-05-11 19:25:55,109,well😘,https://tieba.baidu.com/home/main?un=jingwei081077,https://himg.bdimg.com/sys/portrait/item/tb.1.f9587d4f.zholDzm4rGqq_t8n6OdliA?t=1534387286,,"今天是母亲节，想聊聊母亲的话题。
母亲对我来说，是来到这个世界上最重要的一个人。她孕育了我的生命，带我来到这个世界。尽管我对婴儿时期的记忆模糊不清，不知道她是如何悉心抚养我、照顾我的，但她对我的呵护与关爱，无疑深深影响了我一生的心态。
小时候，母亲留给我的印象并不温暖。她似乎不太喜欢我，很少温柔地与我说话，这让我从小就不愿亲近她。直到我开始生病，她才逐渐关注我的心理健康，鼓励我表达内心的感受，而不是压抑自己。后来，我离家工作，背井离乡的生活反而让我和母亲的关系变得更亲近了一些，或许正是“距离产生美”的缘故。
我的心理咨询师曾告诉我，母亲本身也是一个缺爱的人。她的童年充满不幸，幼年丧母的经历让她的性格和心理蒙上阴影，这也间接影响了她成为母亲后对孩子的关爱方式。她和奶奶之间的矛盾，让我这个孩子夹在中间无所适从。我从小爱哭，情绪敏感，却在一个常常忽略我感受的家庭环境中成长，这让我的心灵充满彷徨与孤独，甚至让我在很小的时候就染上消极和悲观的情绪。
直到后来，我学会了自我救赎，开始照顾自己的内心，才一点点改变认知，让生活渐渐有了起色。或许，每一个陷入情绪低谷、焦虑不安的人，都曾在成长过程中未能从母亲那里获得足够的爱。但也许，母亲们并非不爱我们，而是她们自己也是缺爱的“受害者”——她们或许从未得到过自己母亲的盈盈笑语和温暖拥抱，因此也不懂得如何用爱去滋养孩子幼小的心灵。
爱是一种能力，而非本能。 如果母亲未曾被好好爱过，她又如何能完美地给予爱呢？理解这一点，或许能让我们对母亲多一份宽容，也对自己多一份慈悲。
亲们也许都是幼年和妈妈有着不和谐相处经历，所以学会谅解别人，也理解她们为何这样也是疗愈自己需要知道的。
母亲节商家和媒体都是呼吁我们向妈妈表达爱意，但我想说的是我们也需要真实的和母亲沟通，表达我们对她的不满，打破母慈子孝的外壳，也让妈妈更理解我们的需求，同时我们也应该学会更深入探索妈妈的“不好”，只有理解才能让双方更加的靠近。
表达真实的感受一直是我最近在学会做的功课，如果不表达，那么一切的痛苦实际都是自我的攻击，大方表达爱，也要大方表达自己的不满和需要，这是老师讲给我的，也希望带给所有和妈妈沟通不顺畅的朋友。",0,
2025-05-24 11:25:47,112,well😘,https://tieba.baidu.com/home/main?un=jingwei081077,https://himg.bdimg.com/sys/portrait/item/tb.1.f9587d4f.zholDzm4rGqq_t8n6OdliA?t=1534387286,,"眼睛最近因为工作和找工作的高强度体能和心理压力最终发炎了，也不知道因为什么发炎的，眼角开始疼痛伴随痒痒的，畏光，干涩，睁不开。一周跑了两次笔试面试，晚上熬夜一边忙现在的工作，一边熬夜准备面试笔试，我感觉自己身体已经开始疲惫不堪了，坚强的我没有放弃任何一个可能的机会。今天早起去体检，之所以非今天不可也是出于在这个非常时期还是先确定一下自己的健康状况再考虑下一步要拼到什么程度，下午转而又去医院看眼睛。最近每天的行程都被排的满满的，昨天晚上感觉到嗓子眼已经发炎，开始疼痛了，我怀疑自己可能又要感冒了……
和阿饼每次电话聊天，我都感觉有想哭的那种情绪溢出来，也确实最近两天哭了两次，和妈妈也有情绪，肝火开始燃起来了。
昨天又开始想打喷嚏，有点低热，整个人都因为疲惫而变得不好。",0,
2025-05-24 22:43:06,113,贴吧用户_GU3C6JS,https://tieba.baidu.com/home/main?un=%E7%9C%A0%E5%A4%A7%E8%A7%89,https://himg.bdimg.com/sys/portrait/item/tb.1.93140f6d.CrApFGT-ylQKZSfI8Ft_tg?t=1774822771,,很荣幸能看到你的故事和文章，我很开心，你满满的正能量，是典型的北京姑娘的个性，大大咧咧，豪爽，不拖泥带水，你真的很拼，有机会我帮帮你吧，游泳和打羽毛球对抑郁康复很有帮助，你太累了，现在身体承受不起，因为有病耗，眼睛的问题我给你个方子，你去铜仁堂抓10块钱的药就好，帮你不为赚钱，因为你太优秀了！,0,
2025-05-25 20:10:00,114,well😘,https://tieba.baidu.com/home/main?un=jingwei081077,https://himg.bdimg.com/sys/portrait/item/tb.1.f9587d4f.zholDzm4rGqq_t8n6OdliA?t=1534387286,,"昨天我断断续续的哭了一整天，原因可能就是因为身体太疲惫脾气急转直下，阿饼身上的问题被放大，做事情容易碎碎叨叨、也不会很好的照顾我，我很生气，转而变成怒气。我妈说的对，我是累的有点崩溃，情绪开始失控。
最近太难太累了，一周连续两次笔试面试、工作堆积成山、毒蛇姐姐还时不时的发发毒语、经济也让我感觉到了一些些的压力，身体和心理都在承受着这些不舒服的体验。眼泪来的是那么的快，很难理解我自己为何会哭的那么的难过，谁怎么的我了呢？连和心理老师说的时候都开始哽咽、流泪。很少这样失态的我，感觉很无力。
今天除了去楼下晒太阳，就在床上躺了一天。
我累的不想打字，就这样吧，活在当下，认可自己的这种颓废和无力，这也是一种感受。",0,
2025-05-27 10:59:53,115,cinderwind,https://tieba.baidu.com/home/main?un=cinderwind,https://himg.bdimg.com/sys/portrait/item/tb.1.c8ad6bb5.Ta--4-j51pq4t96zD_u2Pg?t=1656737143,,楼主你好，我也曾是抑郁症患者，能加个微信聊聊吗,1,
2025-06-09 20:44:21,118,well😘,https://tieba.baidu.com/home/main?un=jingwei081077,https://himg.bdimg.com/sys/portrait/item/tb.1.f9587d4f.zholDzm4rGqq_t8n6OdliA?t=1534387286,,"最近很累，胳膊酸疼的时间有段时间了，再加上工作忙，我已经有点无暇顾及写帖子了。
病痛总会让我伤感，但也让我明白我得注意身体了，要爱惜照顾好自己的身体。
准备结婚领证了，但是我却不是在最好的状态，但为了早点领证，也只能硬着头皮准备了。对凡事都有些耐心，也许一切看起来就没那么的糟糕了。就像我和阿饼的恋爱一样，如果不是他的耐心，我可能没办法和他在一起。
这几天要少吃多睡，恢复一下元气，准备拍照。",0,
2025-06-10 10:22:34,119,世界你好987,https://tieba.baidu.com/home/main?un=%E4%B8%96%E7%95%8C%E4%BD%A0%E5%A5%BD987,https://himg.bdimg.com/sys/portrait/item/tb.1.20fd60bc.N_5LgCm78cfzfVGFLoYfmg?t=1704098778,,"慢病很多人都有,没什么大不了的.
我自己都能列出一串病来.
在悲情的世界里,深情的活着.
就像下面这棵小花.",1,
2025-06-10 21:24:59,120,well😘,https://tieba.baidu.com/home/main?un=jingwei081077,https://himg.bdimg.com/sys/portrait/item/tb.1.f9587d4f.zholDzm4rGqq_t8n6OdliA?t=1534387286,,最近工作一旦出错，就感觉很不好，怕毒蛇姐姐说我，有点惧怕，但是也要勇敢点，别害怕。,0,
2025-06-10 22:54:44,121,抑愈吖,https://tieba.baidu.com/home/main?un=%E6%8A%91%E6%84%88%E5%90%96,https://himg.bdimg.com/sys/portrait/item/tb.1.bba8426f.bhhseiWJhdxwwksykVgVXw?t=1741625528,,我和你类似，类似，哎，真的是每个人都有每个人的难题，并且是非常难的题，跨过去会要一点点命的难题，痛苦，确实好痛好痛哦，还拿它一点办法都无，生扛硬抗，向往蓝天的人，偏偏被戳烂了翅膀，但是如果不把它当一回事，那它也确实不是一回事吧，感恩还有这一个选项，感恩,1,
2025-06-10 23:33:07,122,TL141329,https://tieba.baidu.com/home/main?un=TL141329,https://himg.bdimg.com/sys/portrait/item/tb.1.58fd9a1.PYbhFRqpN4Jn1n3L_DHIPQ?t=1775037592,,花有花期，人有时运，要努力，但别着急，繁花似锦，硕果累累都需要过程。,1,
2025-06-11 22:21:38,123,well😘,https://tieba.baidu.com/home/main?un=jingwei081077,https://himg.bdimg.com/sys/portrait/item/tb.1.f9587d4f.zholDzm4rGqq_t8n6OdliA?t=1534387286,,"亲们，最近我真的被工作给绑架了，基本上没有时间写日记，也没时间发帖子，和大家一起分享一些自己的感受。感受好像都埋没在茫茫的工作量中了。看到一篇文章说焦虑的原因就是两条：想同时做很多事，又想立刻看到效果。如果能专注一次一件事，又不着急看到效果，那我们也许会减少很多的焦虑感。王小波说：人的一切痛苦，本质上都是对自己无能的愤怒。现阶段我是对自己身体脆弱的一种无奈甚至是愤怒，对自己工作犯错的一种不想原谅，对自己无法改变目前工作困境的一种愤怒。所以忠告自己，欲望大于能力时，就不要太苛刻了，而且多给自己点耐心，就像身体，我多点耐心，也许它还会好起来的，眼前的疼痛也许有一天会消失。
晚上吃多了，也会让自己感觉很烦躁，身材走样会让我焦虑。
工作出错了，领导批评自己感觉很无用，失败和低能让我焦虑。
身体难受，浑身乏力和酸疼让我不能高质量度过一天，也会让我感到难过。
所以，大家要反着看：
克制欲望，不要让自己同时做很多事。
面对现实，看清楚自己的能力水平
接受环境，在局限中做自己力所能及的事。
所以在不断的尝试中保持耐心和提升能力也是很重要的。",1,
2025-06-14 21:51:12,124,well😘,https://tieba.baidu.com/home/main?un=jingwei081077,https://himg.bdimg.com/sys/portrait/item/tb.1.f9587d4f.zholDzm4rGqq_t8n6OdliA?t=1534387286,,"今儿断断续续的睡了一整天，外面下了一整天的雨，感觉还是挺适合在这大雨天睡觉的。
迷迷糊糊的做了很多的梦，但梦里也是大量的工作，梦见有整整一个超市的销售单，让我去核对需要买什么...我自己好像还点了烤串，估计是睡饿了吧....躺着工作的感觉就是有点羞耻感，但是我已经没力气了，躺着就躺着吧.....梦的场景我记得不是很清楚，总是断断续续，脑子记得不是很多，因为太困了，梦会显得那么的模模糊糊的。我的梦总是很奇怪，很多东西都“不搭”，很多梦中的人、事、物都是组合在一起的，显得很没有条理性，但梦就是这样，它本来就是潜意识的一种体现。构成梦的所有的材料其实都来源于经历，这些在梦中被重建，就像是用一块一块的砖重新盖楼一样，我的心理老师非常重视我的梦境，她通过梦治愈了很多的人，我期待它能在我身上也有效果。
看似不起眼的梦，在讲给她之后，似乎有很多的解释，进而判断我内心的问题。
梦真的是一个大的运行系统，可以制造各种神秘莫测的感觉，但是醒来后又回忆不起来发生了什么。白天正常活动，伴随一些不顺心或者焦虑愤怒等情绪，因为社会的规则等约束，不能立即实现的事情或者发泄的情绪，被送进潜意识进行保存，潜意识就是一种不受世俗约束的本能自我。潜意识在晚上的控制能力很弱，当潜意识的能力足够强大到唤醒梦这个运营系统时，梦就开始了。也许爱做梦的人都是情绪易纠结和欲望很难被满足的人，这就是为什么好多心理问题的人都是爱做梦的。
但愿大家都能睡好，让自己好好的睡上一觉吧。",0,
2025-06-15 22:16:39,125,well😘,https://tieba.baidu.com/home/main?un=jingwei081077,https://himg.bdimg.com/sys/portrait/item/tb.1.f9587d4f.zholDzm4rGqq_t8n6OdliA?t=1534387286,,"不知道你们有没有过这种感觉，就是毫无力气，只想瘫倒在床上的感觉。不想说话，不想做事。感觉自己像个木偶，不想表达，一旦表达还带着些许的心酸感，眼泪会留下来。
今天下午还是哭了好久，没有力量的原因。
晚安，我要去睡了。",1,
2025-06-18 17:02:19,126,世界你好987,https://tieba.baidu.com/home/main?un=%E4%B8%96%E7%95%8C%E4%BD%A0%E5%A5%BD987,https://himg.bdimg.com/sys/portrait/item/tb.1.20fd60bc.N_5LgCm78cfzfVGFLoYfmg?t=1704098778,,"我也喜欢雨天,雨天真的很惬意.",0,
2025-06-19 14:49:18,127,well😘,https://tieba.baidu.com/home/main?un=jingwei081077,https://himg.bdimg.com/sys/portrait/item/tb.1.f9587d4f.zholDzm4rGqq_t8n6OdliA?t=1534387286,,"生活一道道的难题，工作也是。如何选择接下来的岗位，我犯了难。
打算主动去找KL谈谈，看看有没有什么好的方法。",0,
2025-06-21 13:58:12,130,well😘,https://tieba.baidu.com/home/main?un=jingwei081077,https://himg.bdimg.com/sys/portrait/item/tb.1.f9587d4f.zholDzm4rGqq_t8n6OdliA?t=1534387286,,宽容的对待每一件事，每一个人，并不是我们不上心，不反抗，而是放过自己，让自己学会应对很多艰难时刻。,1,
2025-06-21 15:53:01,131,H先生◎◆,https://tieba.baidu.com/home/main?un=%E9%87%8D%E7%90%86%E5%B0%8F%E9%9C%B8%E7%8E%8B,https://himg.bdimg.com/sys/portrait/item/tb.1.e02b069c.IoZjQ1UxzG27VevRzOl9eA?t=1589388329,,你很勇敢，也很有毅力,7,
2025-06-22 18:30:26,133,well😘,https://tieba.baidu.com/home/main?un=jingwei081077,https://himg.bdimg.com/sys/portrait/item/tb.1.f9587d4f.zholDzm4rGqq_t8n6OdliA?t=1534387286,,"抗疫方法：懂点佛学，度众生的同时也是度自己。
我对佛学其实不是很懂，很多经书我也不太喜欢看，但是佛学透露出的很多道理却是可以应用在心理治疗上的。
“菩提般若之智，世人本来有之，只缘心迷，不能自悟”，就是讲每个人都有一个般若的智慧，可是因为你遇到迷障，迷障就来源于你自己，也来源于客观事物。迷障就是所谓的烦恼吧。
断烦恼，不是躲起来，就没有烦恼了，看似好像烦恼暂时不见了，但是烦恼并不会因为你不去处理它就会消失，它会越来越多。哪一件事会因为你不去处理就没了，怎么可能呢。能做的就是我们走出去，面对它。我们处理问题的能力会慢慢增加。回望过往，经历的磨难，都是创作的源泉。直面它，断烦恼。是如何去看，没有了执着和妄想，这些烦恼自然就消失了。
物必自腐而后虫生，人必自侮而后人侮之。面对别人的刁难和侮辱，只要你自己不觉得这是对自己的侮辱，别人又能耐你何？
我们需要从佛学中找到智慧，每一次“苦难”来临时，如果我们把它当成一种给与你智慧和力量的机会，比如孟子的那句话“天将降大任于斯人也，必先苦其心志，劳其筋骨，饿其体肤，空乏其身，行拂乱其所为，所以动心忍性，增益其所不能”，也许我们会更好的面对痛苦。
烦恼及菩提，没有烦恼是没有智慧的。
你不要看成老天爷老惩罚你了，你好倒霉，“老天爷要让你成大事，经历这些苦难，才能成大任”。所以时常感谢伤害你的人，因为他磨砺了你的心智，增长了你的智慧。当你这么看的时候，烦恼还是烦恼吗？
愿还在烦恼的你看到这段话会让烦乱的心有一些平静。",0,
2025-06-22 18:34:23,134,well😘,https://tieba.baidu.com/home/main?un=jingwei081077,https://himg.bdimg.com/sys/portrait/item/tb.1.f9587d4f.zholDzm4rGqq_t8n6OdliA?t=1534387286,,最近的我又在面临工作中新的挑战和变化，希望可以借用之前的经验让自己走的顺利点，不管怎样，做出选择，就没有后悔，因为这是目前对我来说相对比较好的选择，未来皆可期。,0,
2025-07-01 22:54:49,135,well😘,https://tieba.baidu.com/home/main?un=jingwei081077,https://himg.bdimg.com/sys/portrait/item/tb.1.f9587d4f.zholDzm4rGqq_t8n6OdliA?t=1534387286,,"又被毒舌姐姐劈头盖天的骂了一顿。
内心很痛苦，被骂的滋味很难受。我很抵触别人和我发火，这是我受不了的。就好像拿刀子在捅我一样，毒舌姐姐今天和我发火，起因是我的单子算错了数，因为之前她问过我是不是检查好了，我其实也检查了，可能因为粗心遗漏了一个数，她之前已经因为这个单子在我下班后还没放过我，给我打电话，说了我，改好后她还是大半夜突然企微问我你自己检查了吗？我就很抵触，为什么因为这么个事，非要下班后质问我，大半夜给我留言，我是马虎了点，那也不应该平时也不说话，工作上只说工作跟我永远都板着脸，我怎么别人了么？我的主动换回来的永远都是那一张脸和那对我的态度。职场上就是这样无情。",0,
2025-07-02 19:31:02,136,well😘,https://tieba.baidu.com/home/main?un=jingwei081077,https://himg.bdimg.com/sys/portrait/item/tb.1.f9587d4f.zholDzm4rGqq_t8n6OdliA?t=1534387286,,"此刻，我的内心依然被沉重的阴霾笼罩着，压抑感如影随形，挥之不去。在这个看似热闹的空间里，我却找不到属于自己的位置——没有人倾听我的声音，也没有人真正在意我的存在。日复一日，我像个透明的局外人，与整个部门格格不入，这种被隔绝的孤独感啃噬着我的灵魂。
多年来，我从未体验过如此尖锐的疼痛与窒息般的压制。虽然身体逐渐从疲惫中抽离，但内心却仿佛正在经历裂开。看着阿饼关切的眼神，我不愿耽误他的宝贵时间。选择自己经历着感受着………",0,
2025-07-05 21:31:44,137,well😘,https://tieba.baidu.com/home/main?un=jingwei081077,https://himg.bdimg.com/sys/portrait/item/tb.1.f9587d4f.zholDzm4rGqq_t8n6OdliA?t=1534387286,,"每个周六日都是自己企盼的，能让自己坚持下去的一个标志，似乎周六日能调整一下我疲惫和烦躁的状态。今天说说我的周六日是怎么过的。
其实我的周六日很简单，之前我一直都没有赖床的习惯，直到3个月前换了岗位，在高强度的工作中我还是开始身体疲惫不想起床了，有几次甚至要睡到中午才能起来，整个人粘贴在床上，连饭都不想吃。当然，在这不正常的状态之前，还是很自律的，基本上要早起做饭，早餐是我必须要吃的，吃完后才算是开始了新的一天。周六日必做的就是家务、做饭和外出活动，其他的可能会选择性，感觉这三件事能帮助我调整状态，恢复元气。每件事情都会给自己带来充实和成就感，而且干净清爽的感觉是非常让我容易走出不良状态的，不信的你可以试试看。先说做家务吧，我一般整理床铺、洗衣服、扫地拖地、整理自己的日用品，这些都是我经常要一周做一次的，这也会让我快速进入自己的状态，不会被不良的情绪影响太久；第二个就是做饭，只要自己能动，我每天必做一次到两次饭，我相信一句话“难过的时候，想想吃点什么吧”。我们要学会关注食物，反正很多朋友也没精力工作，有大把的时间，和不用来好好吃饭。治不好的慢性病、长期压抑的情绪，真的也可以通过食疗进行改善。比如，夏天这大热天，我通常会少吃冷饮和西瓜等寒凉的水果，煮一锅红枣姜汤驱寒散湿，让自己容易疲惫的身体有更多的力气，因为很多的无力再中医上是湿气大造成的，夏天祛湿很重要。夏天自己觉得没胃口可以买些新鲜的蔬菜做凉菜来吃，少油腻，放些醋还爽口，对身体也是不错的。总之，遵循食物的时令，亲手烹饪，这个过程你自己有收获，身体也跟着享福，食物会一点点滋养我们的身体和情绪，一举两得的事情。吃饱喝足别忘了第三件事就是出去活动一下，干完饭记得走走路，我通常最基本的去楼下沿着河边散步，这个过程记得“正念行走”，感受脚和地面接触的感觉、身体和大自然的链接，包括眼睛看到的，鼻子闻到的，耳朵听到的，其实都是培养自己觉察的能力。大自然的美好是需要你细心观察，如果内心带着观察和好奇，自然会带来独特的感受。比如，每天上班路上我都能看到沿途有一棵树，上面开着紫色的小花，每次路过我都会刻意放慢脚步去欣赏一下它们，那些紫色的小花看似普通，但却成了我沉闷工作路上的一抹亮色，虽然单独看一朵很不起眼，但簇拥在一起却让整棵树显得那么的美丽。它们努力绽放的样子让我觉得自己也可以坚持做好工作，自己也可以是一朵很美的“花”，或许在茫茫人海中我平凡的并不起眼，但总有人会因我们的存在而感到温暖，我们也因自己的坚持而独特。你在工作中的付出，或许只是宏大叙事中的一小部分，但正是无数个“你”的坚持，才让整个系统运转如常。所以，每次外出对我们来说都在唤醒内在的那个自己，让自己和大自然链接，有的时候是一种治愈。有条件的话，还可以爬山涉水、让自己大汗淋漓，这个过程会让你更加的快乐。
还有一个是我周六日会做的，就是写写东西，就像此刻我从外面骑车回来，正是内心比较轻松宁静的时刻，想把自己的感受和经验分享给大家，让你们也可以从痛苦中尽快走出来，不要小瞧每一点的努力，它会在不知不觉中让你康复。
北京近来真的是闷热，做好防暑，明天也可能还要外出去恢复自己的元气。其实大多数的情绪问题的起因，往往是我们不在意自己的感受，失去了身体的链接，而回到大自然就是感受身体的一个很好的方法。",0,
2025-07-09 19:25:59,139,well😘,https://tieba.baidu.com/home/main?un=jingwei081077,https://himg.bdimg.com/sys/portrait/item/tb.1.f9587d4f.zholDzm4rGqq_t8n6OdliA?t=1534387286,,"这几天头皮发紧困的厉害的感觉又来了，这种滋味每年都得来找我一趟两趟甚至是更久，今年可能是因为暑天太热的原因，自己的睡眠开始断断续续，没有办法有个充足的休息状态导致的。
头皮发紧不知道大家有没有和我相似的感觉，这种感觉会让你有一种木讷的感觉，思维运转不畅。
这几天要早点睡，看看效果如何。
补上上一贴提到的小紫花照片，它真的很美，附加小白花。",0,
2025-07-10 19:38:54,141,♬情感依赖症,https://tieba.baidu.com/home/main?un=txlsinian,https://himg.bdimg.com/sys/portrait/item/tb.1.30e9c0.t4EayIrSsnw5iyjfB7b-IQ?t=1569561155,,京爷好！,0,
2025-07-14 19:25:28,142,well😘,https://tieba.baidu.com/home/main?un=jingwei081077,https://himg.bdimg.com/sys/portrait/item/tb.1.f9587d4f.zholDzm4rGqq_t8n6OdliA?t=1534387286,,"还是困，感觉夏天这个季节哪都好，就是让我困，不友好。
晚上刚下班，不管怎么说，一天得有点收获不是吗！",1,
2025-07-16 12:20:46,143,well😘,https://tieba.baidu.com/home/main?un=jingwei081077,https://himg.bdimg.com/sys/portrait/item/tb.1.f9587d4f.zholDzm4rGqq_t8n6OdliA?t=1534387286,,晒太阳是一件好事，感受大自然，也和自己的心对话！,0,
2025-07-18 23:04:40,144,well😘,https://tieba.baidu.com/home/main?un=jingwei081077,https://himg.bdimg.com/sys/portrait/item/tb.1.f9587d4f.zholDzm4rGqq_t8n6OdliA?t=1534387286,,"咨询师本来就没有魔法，她们能帮到我们的是我们自己认识自己，从而给自己力量。
可我们都是毫无力气的一副样子来见她们，就像我也充满着幻想，想从她那里能拿到“魔法”，拯救那个脆弱的自己，让自己重获力量。
我就是这样想的，但是，在这之前我也对此不敢抱有太大的期待。万一失败了呢。
这段咨询本来的针对问题是情感，但是在遭遇人生比较大的工作问题时，转而断断续续聊了三个到四个月的光景。
本来我带着自己很多准备的问题来解决自己情感上的问题，希望以后高质量的婚恋。但自己却在这时出现了其他更亟需解决的问题。
我需要同理心，需要咨询师的共情，但我更需要的是，我需要更多的是，让自己有更多的力量去对付外界对我的干扰。对于别人对我的安抚，我似乎已经不是那么的渴求，我需要的是方法和对策，是我能接受这一切，是我觉知后的接纳，接纳的前提是觉知和理解。其实老师在帮助我理解这些我看似痛苦的人事物，我也在环境中慢慢理解，我觉得我是在进步的，因为我开始能带着对它的理解来看待它让我不舒服的点了。但我对自己的要求远不如此，我需要是即使知道是客体是我讨厌的，也可以不那么痛苦的接受这一切。
如果没有老师，可能我本身对这件事的对抗会更严重。也许会加重我的不舒服感，这么想想我其实我还是在进步。",0,
2025-07-24 21:42:27,145,well😘,https://tieba.baidu.com/home/main?un=jingwei081077,https://himg.bdimg.com/sys/portrait/item/tb.1.f9587d4f.zholDzm4rGqq_t8n6OdliA?t=1534387286,,"睡眠的质量依然不太好，尤其在这个炎热的夏季，没有谁会睡得很好，除非你是那个幸运儿。
我尝试吃了一丢丢的我的魔法药，还是挺管用的，第二天的确精神很多。但是也不能总吃。
而且腋下关节的受损，让我疼了好几天，影响了工作的状态。生病就是这样，此起彼伏的。
天气热，人容易烦躁，对于这样的我们，少说话，做事慢下来，也许能缓解很多烦躁易怒的状态。",0,
2025-07-29 22:33:51,146,well😘,https://tieba.baidu.com/home/main?un=jingwei081077,https://himg.bdimg.com/sys/portrait/item/tb.1.f9587d4f.zholDzm4rGqq_t8n6OdliA?t=1534387286,,心情不好的时候，要学会接受别人对自己的不接受。心情会好的！,0,
2025-08-02 19:42:36,147,well😘,https://tieba.baidu.com/home/main?un=jingwei081077,https://himg.bdimg.com/sys/portrait/item/tb.1.f9587d4f.zholDzm4rGqq_t8n6OdliA?t=1534387286,,"最近被困顿乏力困扰着，感觉很无力，倒不是因为别人，而是自己的问题。想睡觉的欲望很强，周六日基本上要睡上12个小时的觉。
现在还是脑子不太清醒，感觉不太舒服。为什么天天睡还这效果呢？自己现在的无力感都来自这方面了，其实还蛮有斗志的一个人，但是，可惜了。加之腋下的疼痛感，让我不敢做任何动作，只能静静地待着。对于这种体质的我，估计也还是会有很多人和我一样吧。
我们总以为，气血是身体的事情，但很多时候，你的情绪太用力，也会把气血抽干。很多人都有胃病，有些人甚至疼到直不起腰来，我也曾经饱受胃病的折磨，一边捂着胃，一边干着活，检查也没啥大事，医生也可能会说就是情绪性的胃痛，多少有点炎症，问题也不大。
一个人若总是白天亢奋，晚上失眠，情绪易激动、做事很难专注，多半是中医所说的“思虑过度”。其实，大部分人都懂得情绪管理，对于情绪管理一个成年人是不可能不会的，但太想“把一切搞明白了“，你越想梳理，越陷得深”，保护气血的方式，是给情绪一个缓冲。
省气血，就是先别想着我怎么办，而是先让风吹过去。
情绪上来了，不要立刻压下，也别立刻去分析，让它慢慢飘走，像风一样。因为你越是反抗，你耗费的气血越多，多说、多想、多哭、多动，都会让气血消耗。对于一切外力，你别跟着它走，自己有点对自己的认可，其实就会让自己岿然不动。
一个心理学家说过“一个人一旦过度依赖外部评价，就会把自己的力量拱手交出”。但是我们在工作中特别容易把话语权当胜负，把理解当交换。所以，如果最近被某段关系所困扰着，那就先静一静，先问问自己“我是不是又开始用力过猛了？”就像我和毒舌姐姐，一开始我还是很小心翼翼的呵护着这段关系，但是当我一味想讨好和维系好和她的关系时，我发现她却待我越来越糟糕，还不如一开始我很自我的时候，当我尝试无果的时候，我选择更多的考虑一下自己的感受，让自己不再为了别人的开心而烦躁和费力。我已经尽力，但是对方始终拉这个脸，那我何必还在意这张脸是否冲着我笑呢？本来我也是完美主义的人，也许她这个人的性格就是这样，不要强人所难了。
是不是可以退一步，看见对方的情绪，也照顾一下自己的气场。
生活的艺术本身是“减法”原则，当我们不再把身体当成对抗力量的器械，当心灵停止与情绪的拔河比赛，生命原本的力量就会显现。但也会因为我们的急躁突然不见了。
你可以强大，但不必紧张，你可以追求，但别再咬牙，你可以想赢，但要学会适时收手。
学会不是所有的关系都值得拼命维护，不是所有误解都要澄清，不是所有情绪都得马上解决。要做的是让身体像树一样扎根，像风一样穿过，像水一样绕开，你不那么慌了。
现在我也在训练自己日常的一些事情的处理上，更多的考虑自己的感受，在不违反原则的情况下，我可以为自己更多的考虑一下就问问自己累不？如果累了，就休息一下，不要想别人怎么看你。就像我此刻感觉累了，我就要摸鱼了，这样也是为了更好的工作。
愿明天的你也是可以好好看待自己，而不是别人如何看待你。",0,
2025-08-02 19:53:05,148,well😘,https://tieba.baidu.com/home/main?un=jingwei081077,https://himg.bdimg.com/sys/portrait/item/tb.1.f9587d4f.zholDzm4rGqq_t8n6OdliA?t=1534387286,,"抗暴躁方法：
自己也别和别人争执，就自己好好的说话，好好的做事就好，也学会理解别人，也就自然会减少自己的情绪。
有情绪时也是对事不对人。
这样的暗示在心里做很多很多遍才能有效果，不要短暂的后悔，要长久的影响自己。
其实心理病，最终都是自己来影响自己的心态，自己会向着那个方向的趋势好起来。",0,
2025-08-03 15:34:55,150,well😘,https://tieba.baidu.com/home/main?un=jingwei081077,https://himg.bdimg.com/sys/portrait/item/tb.1.f9587d4f.zholDzm4rGqq_t8n6OdliA?t=1534387286,,"疗愈方法：
我们需要融入人际关系中，年纪越大，越发现没有那么多严肃话题要聊，有时候一些日常琐碎、吐槽、八卦、爱好甚至是恶趣味等，会让彼此在这种缓慢细碎的过程中，了解一个人的性格、好恶、脾性甚至是一些小怪癖，在这种过程中把对方不知不觉邀请进自己的世界中去，这对于我们去恢复社交很重要，当下严肃刻板的脸，我们也有嬉皮笑脸的样子，也有不太正经的顽皮，释放出来，也许我们就好了起来！就像是从学会哭，到学会笑，是一个缓慢的过程，但练习才是通往终点的路。
就像我喜欢小刘鸭，因为它的贱萌贱萌的性格会带给我开心一样！",1,
2025-08-03 17:27:38,151,well😘,https://tieba.baidu.com/home/main?un=jingwei081077,https://himg.bdimg.com/sys/portrait/item/tb.1.f9587d4f.zholDzm4rGqq_t8n6OdliA?t=1534387286,,每天都要和自然链接一下，才知道自己的心境打不开的原因。你是如此的渺小，而那些事也不过是过眼云烟，培养自己的觉知觉察能力，感受自己的感受！,0,
2025-08-04 18:08:28,152,well😘,https://tieba.baidu.com/home/main?un=jingwei081077,https://himg.bdimg.com/sys/portrait/item/tb.1.f9587d4f.zholDzm4rGqq_t8n6OdliA?t=1534387286,,"感觉可能是自己的工作出现了失误，现在自己都有条件反射，只要一出现问题，我就会有点毛骨悚然的感觉，汗毛跟立起来。我有点被毒舌姐姐给弄的害怕了。不过还是
要多为自己辩解一下，毕竟自己工作已经很不容易了。干嘛还要总是把错往自己的身上揽呢？
但是自己对工作中出现的问题还是要勇于去承担责任的，是的。
有点焦虑，可能是对这件事自己内心不太踏实的感觉吧。
原谅自己，不管怎样，自己都不是机器。",2,
2025-08-06 16:14:13,153,里姆cc,https://tieba.baidu.com/home/main?un=%E9%87%8C%E5%A7%86cc,https://himg.bdimg.com/sys/portrait/item/tb.1.b4a31d71.-AmiwReG0bu5s72Myiu4Wg?t=1626063977,,这个东西会持续这么久吗？我好像也有一两年了，今年决定出来骑长途自行车不上班了，虽然每天很热很累，但没想到在路上也能发作，在一个地方躺几天了,0,
2025-08-07 18:42:00,154,well😘,https://tieba.baidu.com/home/main?un=jingwei081077,https://himg.bdimg.com/sys/portrait/item/tb.1.f9587d4f.zholDzm4rGqq_t8n6OdliA?t=1534387286,,不工作解决不了什么问题，工作不是产生身体心态问题的根源，工作反而会历练心态。,0,
2025-08-08 21:07:49,155,well😘,https://tieba.baidu.com/home/main?un=jingwei081077,https://himg.bdimg.com/sys/portrait/item/tb.1.f9587d4f.zholDzm4rGqq_t8n6OdliA?t=1534387286,,"第一次的裁员让我晴天霹雳，第二次的通知我稍微有点沉着了，我现在没有办法劝自己你开心点，我只能让自己尽量平静就好。
没想到失败一次一次向我招手，早知如此，我可能真的没有勇气来北京工作，也没有勇气在这找男朋友，也没有勇气一直坚守着自己的信念。
这个支柱在今年经历的裁员风波时终于动摇了。
此刻我的情绪一般，我知道自己出了面对没有更好的办法。该说的话我已经和邓总说了，我觉得自己没有太压抑就行了。",0,
2025-08-11 11:07:14,156,贴吧用户_GP86DAA,https://tieba.baidu.com/home/main?un=%E6%9B%BE%E7%BB%8F%E7%9A%84%E5%A5%B3%E5%AD%A9%E5%86%8D%E8%A7%81,https://himg.bdimg.com/sys/portrait/item/tb.1.e2418e7e.jf6F6qL6W9_K8Hib7bjvlw?t=1775037594,,祝你越来越好,0,
2025-08-13 12:10:41,157,well😘,https://tieba.baidu.com/home/main?un=jingwei081077,https://himg.bdimg.com/sys/portrait/item/tb.1.f9587d4f.zholDzm4rGqq_t8n6OdliA?t=1534387286,,发呆很舒服，和大自然链接起来吧。,0,
2025-08-13 14:32:13,158,well😘,https://tieba.baidu.com/home/main?un=jingwei081077,https://himg.bdimg.com/sys/portrait/item/tb.1.f9587d4f.zholDzm4rGqq_t8n6OdliA?t=1534387286,,"感觉有点困，不是那种脑袋紧绷的，但是是那种缺觉的问题导致的。睡醒后感觉还好，不是很难受，证明经过休息缺觉的问题还是能改善，不像去年整个人就是因为神经兴奋而无法入睡或者白天只是困但是睡不着，现在是逮着个休息的时间就想睡觉。
乏力感在这周显得尤为明显，似乎是一种身体快被抽空的感觉。所以偶尔也是要通过吃饭让自己增加点力气。",0,
2025-08-14 17:52:51,159,well😘,https://tieba.baidu.com/home/main?un=jingwei081077,https://himg.bdimg.com/sys/portrait/item/tb.1.f9587d4f.zholDzm4rGqq_t8n6OdliA?t=1534387286,,困的时候看看花花草草，它们很顽强的成长着，你也可以。,0,
2025-08-15 15:19:59,160,well😘,https://tieba.baidu.com/home/main?un=jingwei081077,https://himg.bdimg.com/sys/portrait/item/tb.1.f9587d4f.zholDzm4rGqq_t8n6OdliA?t=1534387286,,"最近这半个月一直被困倦和乏力所困扰，所以想和亲们聊聊我的症状，也许你也有，也许你还处于比较低落的情绪状态。
我的情绪还好，如果不是什么大事，一般不会出现很大的波动。但是我的脑子会因为疲惫而变得思维不清晰，感觉像传说中的“脑雾”，感觉是有点迟钝，思考能力没那么强大，行动的能力会受到影响，可能会因为无力而不愿意动弹。不过从记性和注意力方面还没有跑神或者记忆力差的问题。但是我也是经常会被这个问题困扰。可能这几个月长期的不公平待遇和新工作岗位带给我的压力实在是我没曾想到的，也是常人很难想象的。这几个月我不怎么说话，感觉除了工作，自己基本上就像个哑巴一样，说话都是在和人家反驳和辩驳，被骂的受不了的时候就会精神振奋了。
人越是不沟通，思维似乎就越不敏捷，抑郁的人可能都会存在这样的问题，因为抑郁本身是件让人不愿意说话的状态，长期的不沟通，会让人的思维变得呆滞，脑子也感觉变得慢了。所以如果你长时间不说话，要有有意识的和人沟通，哪怕自言自语也是一种有效的方法。我就很喜欢自言自语，也很会安慰自己，当然也很会带给自己焦虑感，这就是自言自语的利弊。不过自言自语最大的好处还是能及时的给自己一些安慰和暗示，以前有点在意别人会不会觉得你有病，现在越来越放得开自己的这个样子，我想的是“怎么了，我喜欢跟自己说话，关你屁事”。
当我们的言行关乎不到别人时，那我们就应该做最有利自己的事情。不管是自言自语，还是自己唱歌，或是自己吃一些大家不喜欢的健康食物，感觉不合群，实际上是在给自己增加更多的能量，这并不是丧失，而是一种获得。能为大脑提供源源不断能量的事情，难道不比社交更重要吗？
这就是我们疗养这种病的一种方法，学会给自己增加正向能量，减少不必要的社交能量。面对注意力不集中、思维迟缓，我们不必勉强自己，集中精力保持能量是关键，如果这个时候还在想着如何让自己快乐实际上很不现实，只要保持不消耗对于我们已经很不容易了。比如，午休时我没有和同事们出去逛，而是一个人静静的在路边坐着晒太阳，或者做做拉伸运动，让自己能尽快吸收大自然的能量，或者坐着不说话只发呆，盯着叶子花草看看，你会回归到觉知的状态，心神会得到滋养。
于我而言，喧嚣鼎沸的酒吧、人声鼎沸的商场，并非适宜的栖息之地。我更偏爱在城市一隅的小公园里，寻得一片属于自己的天地。这并非意味着生活的枯索与无趣，恰恰相反，每个人都需要在契合心性的环境中，享有一份旁人或许难以理解的快乐与平静。这份源自内心的安宁与满足，足矣。
回到脑雾的问题，我在经历，但也在改善，希望未来会有好的结果。",0,
2025-08-18 20:01:51,162,well😘,https://tieba.baidu.com/home/main?un=jingwei081077,https://himg.bdimg.com/sys/portrait/item/tb.1.f9587d4f.zholDzm4rGqq_t8n6OdliA?t=1534387286,,每天1.5公里慢跑，不信睡不好觉，不信肌肉力量恢复不起来。,0,
2025-08-18 20:02:59,163,well😘,https://tieba.baidu.com/home/main?un=jingwei081077,https://himg.bdimg.com/sys/portrait/item/tb.1.f9587d4f.zholDzm4rGqq_t8n6OdliA?t=1534387286,,康复这条路上有好多拦路虎，生病，失业，失恋，病情复发，基本上我都经历了两圈，我不相信自己不行。,0,
2025-08-20 19:43:04,164,well😘,https://tieba.baidu.com/home/main?un=jingwei081077,https://himg.bdimg.com/sys/portrait/item/tb.1.f9587d4f.zholDzm4rGqq_t8n6OdliA?t=1534387286,,"有钱能使鬼推磨，是的。以前我不屑于这句话，但现在面对焦头烂额的局面，我也只能觉得能有钱有背景也许就不会有失业的风险
现在心里不安心，也会时不时的焦虑，虽然在睡觉，但是也睡不安稳。今天想聊聊在大环境极度不好的时期，对于emo和绿蕉的朋友怎么过？
我其实也太清楚大家都怎么过，也许你们还身处痛苦的情绪状态中，还在吃药，还在复诊，还在用尽各种办法让自己好起来，似乎对外界发生了什么没有什么关注，但对于我这个康复路上的人来说，我正在经历的也许足以让你精神跌倒。也许你还在家里养病，还在挣扎在病痛中，但我已经是一个在北京漂泊了10多年的人了，而且还带着Emo和绿蕉，带着两个病秧子的我在这些北漂的日子里经历了很多北漂都不得不经历的困难和艰辛，这十年磕磕绊绊中还是很幸运可以在比较好的单位工作，第一家单位是国内前二十大的事务所，第二家单位是央企二级单位，运气自然有一些，但我始终认为自己的努力也是被人认可才得到这两份工作的。说起来第二份工作我做了8年，但可惜的是今年2月份得到了被裁员的通知，我还清晰的记得当时的场景，领导单独叫我进会议室，我就知道可能没啥好事，不是工作做的不好，就是哪里又让她不舒服，她还让我不要脱掉披在身上的毛毯，似乎还挺暖心的，我真的也没想到，当她做到我斜对面时和我说的居然是裁员的事情。接下来当然是晴天霹雳的感觉，以为正是最好的年级，也算是部门的骨干成员，不能说业务多好，但也说得过去，换了ZZ岗位后我的进步也是蛮大，但终究无法让领导“满意”。后来经过协商，我答应先去三级单位换个岗位干着，干的这几个月身体累，心理更加的煎熬，个中滋味不想多说，没想到前两天领导又找我谈话，意思是我还要重新找个工作。这种被否定的感觉真的很伤人，也让我难过，真的是看不到职场的希望。这个也在前面我有提到，我现在又开始面临被裁掉的风险，虽然领导答应我去给我“敲门”，也就是所谓的引荐，帮我争取个岗位，但是我还是在没有结果之前很难平静。要知道在北京没有经济收入是不行的，即使有经济来源，对于打拼的大家过得都很紧巴巴的。我只能先等着结果，看看再说下一步。
其实虽然大家嘴里天天喊苦喊累，但没有谁真的会愿意丢掉工作，这对于普通的人尚且如此，我想对于病友们来说可能会更难一些，也许很多人还得啃老来治病和生活。我算是在康复路上正在厮杀的战士，我知道还有很多的病友还在医院、家里忍受着病痛的折磨，也有在工作岗位上踉踉跄跄的生存着的，有些工作任务我们无法应对，有些人机关系我们无法处理好，好多的问题在考验着我们的心理。经济大环境糟糕的这几年，一个正常人活的尚且不易，何况是我们这些还要带着emo和绿蕉的人。我对于现在的环境下如何生存有些建议，仅供大家参考：
以我一个身体不是很好，心理还出现过问题的人来说，既然经济不行，工作难找，病情较严重的病友们莫不如这几年好好养病，有了这个理由自己也算减少点不能工作的自责，大家活着都难，你以为正常人容易吗，所以大家实际上拼杀的是心态。
如果是那种病情中度的病友，可以根据实际情况，一边恢复，一边找个轻松点的工作，不要太累的那种，不需要太烧脑的工作，但是可以帮助改善生活不规律的问题，让自己的生活井井有条起来。
至于轻度的或者已经在康复路上的朋友们，首先不要在经济上给自己过大的压力感，你不需要在工作上出彩，但是你需要借助现在的这个环境，锻炼自己抗压和受挫的能力，你也许会问我，怎么做呢，那就是承受被裁员，承受被降薪，承受被责难，承受一切环境导致的不顺心。好起来没捷径，只能跨过去，绕着走也可以，但是并不是每一次困难你都能绕的过去。
当然像我这种，也可能是个个例，我确实敢于挑战这个看似比较冒险的漂泊，还是希望大家在选择自己人生之路时谨慎考虑，毕竟我自身的经验可能并不适合所有人，大家量力而行。你们也许想不到很多年前的我也曾病得一塌糊涂，甚至影响了我的考学，我的前程，我的恋爱，我一切的正常的生活学习状态，如果不是迈出这一步，也许我还困在那个曾经的痛苦中，也不知道自己现在什么鸟样。
打工也只是人生的一个阶段，等病情好起来，我们还是可以投身到很多工作中的，现在最重要的是Emo和绿蕉的朋友们先利用好时间，恢复起来状态，其他的什么面子不是很重要啦。
人生如逆旅，我亦行人。有的时候我觉得自己咋这么惨，咋就不如别人，工作咋这么不顺利，心态要崩的时候，偶然看到地铁站里行色匆匆的人们像被无形的时间之鞭驱赶着，每一张疲惫的面孔都藏着未完的故事；外卖骑士的电动车在车流中穿梭，汗水沿着安全帽的系带往下滑，看到餐馆门口的玩偶装打工妹，在厚重的装扮下依然卖力地招揽顾客，一站就是几个钟头；看到扫大街的环卫工一点点拾起地上乱丢的垃圾，看到那些整理共享单车的工人，正用皴裂的双手将凌乱的车辆排列成行……驻足凝望间，我突然感觉很知足，虽然目前的工作很累很烦，至少我还坐在窗明几净的写字楼里免受日晒雨淋之苦，无需付出沉重的体力劳动，这种比较并非为了轻视任何职业，而是让我突然看清了自己目前所拥有的幸运。
我们共同期盼着经济回暖、生活更加富足的那一天。
在此之前，更需要我们彼此支持，一起踏实努力。",0,
2025-08-24 22:17:54,165,well😘,https://tieba.baidu.com/home/main?un=jingwei081077,https://himg.bdimg.com/sys/portrait/item/tb.1.f9587d4f.zholDzm4rGqq_t8n6OdliA?t=1534387286,,"这两天继续疲劳之中，感觉很累。
中医认为肝郁会导致气血不足。昨天看了中医，说是心理压力会让自己很累，但是我说没办法，逼到这了，我只能这样。
今天下午睡了两个小时，感觉舒服点，但是胳膊还是酸疼，后来聊会天有好转。
睡了，好好睡觉，就是爱自己。",0,
2025-08-26 17:02:47,167,well😘,https://tieba.baidu.com/home/main?un=jingwei081077,https://himg.bdimg.com/sys/portrait/item/tb.1.f9587d4f.zholDzm4rGqq_t8n6OdliA?t=1534387286,,"最近因为工作岗位的事情跑的心力交瘁的，精神压力也是大，头发掉的有点多。这四个多月的工作把我折磨的感觉也是真的够呛，但是还好，自己还坚强的活着。今天感觉自己不想干活，坐在那就是想呆着，听会歌，感觉好一点，也算是振奋一下神经。记得以前我一听歌还很容易激动，但是现在很难那么容易兴奋了。自己有一天突然很害怕，真的很害怕，很少有的状态出现在自己身上，特别担心自己是不是抑郁了，但是对比了下那几条抑郁的自测症状，感觉自己也就占了其中的两条，这种概率知道是不是还算不上，打电话给妈妈，讨要一些安慰。这是任何人在不安时的一种自我保护机制，我并不想忽视我的感受，压抑自己，所以平时工作时一旦遇到烦躁和压抑感，我就会赶紧做些让自己能放松的事情。
这会在这摸会鱼，还得留点力气和领导掰头。保持好心理能量，是对抗外界的法宝。
我的父母不可能随时帮助我，我们得自己做自己的精神父母，照顾好自己的内在小孩。
分享以下消化负能量的方式：
1.允许情绪发生，接纳负面情绪。
2.做情绪觉察笔记，记录情绪爆发的场景，找到情绪爆发内在的原因。
3.做自己的精神父母，照顾好自己的内在小孩。
4.建立边界，不要帮着别人欺负自己。
5.客体分离，不为别人的情绪买单。
6.管理习惯，戒掉拖延和抱怨。
7.凡事提前准备，而不是提前焦虑。
8、同情自己，拥抱自己，修复过去的创伤和体验。
9.把自己和自己的遭遇分开，建立心理防火墙。
10.累了就休息，别死扛。
11.别活在别人的嘴里，活在自己的心里。",0,
2025-08-30 22:51:02,168,well😘,https://tieba.baidu.com/home/main?un=jingwei081077,https://himg.bdimg.com/sys/portrait/item/tb.1.f9587d4f.zholDzm4rGqq_t8n6OdliA?t=1534387286,,"久违的去看了一场电影，还赶上自己这两天胃酸难受。
胃酸是饮食不节制导致的，少吃油腻辛辣的，照顾好自己的情绪。晚安，希望明天一早是美好的！",0,
2025-08-31 11:03:46,170,well😘,https://tieba.baidu.com/home/main?un=jingwei081077,https://himg.bdimg.com/sys/portrait/item/tb.1.f9587d4f.zholDzm4rGqq_t8n6OdliA?t=1534387286,,"看电影有时很治愈人。
当我emo或者焦虑时，躲在电影院里看上一下午电影也是不错的选择。
压抑感有时候会冲向你的胸口，让你上不来气，这时跑到黑暗的电影院也许是可以让自
己肆意哭泣的绝佳时期。不想被别人看见的低落和难过，可以通过看电影适当发泄。
比如我昨天去看《南京照相馆》，那种屠杀带给你的对情绪的释放其实效果还是不错的，当你看到这些受难者时，你会感觉自己反而是个幸运儿，庆幸自己没有活在那个年代，经历那样的非人类能忍受的折磨，身体和心理的这点痛似乎也就不那么让你痛苦了。
看电影也像看书一样，能让我们看到不同人的人生际遇，会看到不同地方的人文风貌，感受不同性格的人对待生活的态度。你会从中感悟到人生的悲欢离合，也让自己看到自身哪些需要改进和完善的点，你会觉得人生原来还可以那样活，跳出自己的思维牢笼，这就是电影给我最直接的价值，带我短时间内跳脱出自己抑郁的思维枷锁，去看看别人是如何面对困难和磨难，去解决当下的问题。
最重要的是让我们看到了生活之外更大更广袤的世界。
其实对于我们这种有时很难专心看完一本书的emo和绿蕉来说，我们更容易完成1-2个小时的电影观看，不会太久，也减少我们等待和探索的时间，只需要全神贯注的看，全神贯注的置身其中就好。
抑郁也只是你生活中的一部分，我们要学会带着它过好自己的生活，因为这样你才有可能在将来的某一天真的摆脱掉它，就像我在《南京照相管》中看到吉祥照相馆里避难的中国人，她们一边带着随时可能被发现屠杀的恐惧活在那个地下室里，一边还要按照皇军的要求按时洗出相片，阿昌刚开始看起来懦弱胆小，但是在亲眼看到同胞们被屠杀受难时巨大的恐惧反而激起他的斗志。一边是生，一边是死，在生死边缘挣扎的人还活的那么勇敢和顽强，最终还是有人活着出去了，这其实就是从心理上战胜了敌人。
希望大家能通过生活中点点滴滴让自己有更多的力量，加油！",0,
2025-09-01 23:26:55,171,well😘,https://tieba.baidu.com/home/main?un=jingwei081077,https://himg.bdimg.com/sys/portrait/item/tb.1.f9587d4f.zholDzm4rGqq_t8n6OdliA?t=1534387286,,不熬夜是对自己最好的养护，睡觉吧！,0,
2025-09-03 20:42:41,172,well😘,https://tieba.baidu.com/home/main?un=jingwei081077,https://himg.bdimg.com/sys/portrait/item/tb.1.f9587d4f.zholDzm4rGqq_t8n6OdliA?t=1534387286,,"今儿是九月三日，单位安排居家办公，在家看了一遍阅兵仪式，还是很为中国而骄傲和自豪的。
emo的人儿不管多么难受，还是要学会看看外面的世界，看看国家每天发生的事情，也有利于把自己从无法自拔的状态中抽离出来，毕竟，我们活在这个世上，总要知道周围的环境是个什么样子，人不能脱离社会这个大环境，也应该时刻关注一下国家的时政新闻。
最近的胃不太好，总是不舒服，但是又难受不到要趴在床上的地步，有点酸，有点胀。
安抚好它。
也希望大家肠胃好好的，",0,
2025-09-08 22:13:54,173,well😘,https://tieba.baidu.com/home/main?un=jingwei081077,https://himg.bdimg.com/sys/portrait/item/tb.1.f9587d4f.zholDzm4rGqq_t8n6OdliA?t=1534387286,,睡觉，是对自己最好的调养。,0,
2025-09-09 20:12:44,174,well😘,https://tieba.baidu.com/home/main?un=jingwei081077,https://himg.bdimg.com/sys/portrait/item/tb.1.f9587d4f.zholDzm4rGqq_t8n6OdliA?t=1534387286,,"最近在喝汤药调整自己疲惫的问题，似乎是起效了。医生认为我的身体能量不足，虽然我吃的也不少，一天三顿一顿不少，但是实际上更多的是精神对我的消耗，精神燃脂太多也太快。已经喝了大概半个多月的汤药了，感觉还不错，身体不再那么疲惫了。如果大家也有类似的问题，当然前提是还在持续服用抗精神类药的情况下，还是要遵医嘱，不能私自停药换药，要结合自己的实际情况。
最近的工作还处于一个摇摆不确定的状态，我也是很费神，但是我想谁遇到这个要裁员的情况都会很烦躁，甚至这会影响到我的康复进程，我也明白人要面对，那就面对吧，每一天想想能解决的办法，而不是坐在原地焦虑。
祝好，大家一起加油！",0,
2025-09-11 18:51:34,175,well😘,https://tieba.baidu.com/home/main?un=jingwei081077,https://himg.bdimg.com/sys/portrait/item/tb.1.f9587d4f.zholDzm4rGqq_t8n6OdliA?t=1534387286,,"抗抑途中，吃饭特别的重要，也什么这么说呢，因为我们消耗了大量情绪，身体透支，需要及时补充能量，没有食欲是抑郁的表现，吃的太多可能是焦虑的状态，所以克制欲望，也要打开味蕾，学着静静的坐下来吃一顿饭，其实这并不简单。吃饭首先要咀嚼，咀嚼是一个可以平静放松的过程，所以有emo和绿焦的人尤其注意细细咀嚼，慢慢体会，这有助于我们通过一顿饭就能恢复觉知，甚至平静下来。因为我们在感受食物的味道和硬度时候，我们可能已经在觉知了，如果味同嚼蜡那么证明你的觉知能力还需要加强呢。另外在事物的选材上，我建议大家选择纤维多，蛋白高的食物，补充能量同时也锻炼咀嚼能力，让自己学会品味食物，而高热量的食物通常易入口，又不需要充分咀嚼就咽到肚子里了，没有让我们锻炼觉知的时间。在难过的时候我也会吃一些高热量的甜点，可以缓解难受的状态，尤其是emo的时候，我觉得效果还是可以的。
这并不影响我去觉察，尤其是当你吃完甜点后，感觉到心情愉快的时候，你的觉知能力就是恢复了，所以适当的吃甜点是没问题的，不过如果你衣帽的时间很长，经常吃甜点，那我就建议你吃甜点的时候就不要吃饭菜，如果吃饭菜就不吃甜点，总之保持自己身体的热量均衡，吃药期间容易发胖，很多是药物作用，但是我没有胖，是因为我吃的药非常少，而且对药物的不依赖，就会让我更多的求助于其他的因素，比如好好吃饭，这其实是治病的，而且能治心病。相信我，从今天开始认认真真吃好每一餐，你会觉得心情变得越来越好！",0,
2025-09-13 21:08:43,176,well😘,https://tieba.baidu.com/home/main?un=jingwei081077,https://himg.bdimg.com/sys/portrait/item/tb.1.f9587d4f.zholDzm4rGqq_t8n6OdliA?t=1534387286,,说点好听的话：每天虽然像个🐌，爬的很慢很慢，但是我也是非常肯定自己的，就像我今天觍着脸去给领导送礼一样，没有什么送礼经验的我，真的有点忐忑，但是现在领导面前不怯场本身就很不错了，礼能不能送出去不重要了，重要的是我可以接受那个不太行，不太完美的自己。,0,
2025-09-17 21:09:27,177,well😘,https://tieba.baidu.com/home/main?un=jingwei081077,https://himg.bdimg.com/sys/portrait/item/tb.1.f9587d4f.zholDzm4rGqq_t8n6OdliA?t=1534387286,,"明天去面试，也许还是一次陪跑，但还是准备一下吧，对自己负责。
最近状态有点波动，赶上工作单位又开始闹幺蛾子，努力在当下，一天是一天的活着。
明天准备面试的事情，加油吧！",0,
2025-09-18 20:59:17,178,well😘,https://tieba.baidu.com/home/main?un=jingwei081077,https://himg.bdimg.com/sys/portrait/item/tb.1.f9587d4f.zholDzm4rGqq_t8n6OdliA?t=1534387286,,"很多事情，都让我心力交瘁的，我现在都怕了，很怕，工作环境不好，人际关系不好，领导看不上我，有时候压在心底的那种情绪会因为事情压力达到一定程度而爆发，很少有这种感觉了，最近工作虽然把我整到了难受的程度，但是我还是积极寻找着解决的办法，反而没那么的难受，现在到了面试环节，虽然我都答了，但是我能明显感觉到自己对专业的理解已经不行了，好像有点像个空壳一样，以前还挺有想法的，都快一年多不做审计了，手生了。回答面试人问题的时候还是有点局促，甚至有那么一会儿大脑有点空白，不知道后面的思路了。对自己的不自信也许才是我最感觉羞耻的。下午面试完，我感觉自己非常不舒服，有一种对未来更害怕的感觉，也对这份工作没那么的满意。也可能是它没有那么多吸引我的点吧。就像找对象一样，可能外在没那么鲜明，内在也没那么饱满，但是你跟着他应该不会受罪，他也会尽可能好的待你，但是你似乎并不那么的爱他，你爱他的可能就是他给你找的麻烦少，让你省心。
哎，心情好糟糕，但是哭出来的确是好很多，我其实很希望通过倾诉哭出来，这有什么不好，但是我又不想让别人一门的劝我，给我讲道理，我只是需要一种情感支撑，真的。情感支撑才是我心情脆弱的时候最需要的一种帮助。我只能尽量接受自己的这种问题，我自己安静的添自己的伤口。
自己能舔好自己的伤口也是本事。
今晚能睡着吗？静一会能睡着。",0,
2025-09-19 17:36:54,179,well😘,https://tieba.baidu.com/home/main?un=jingwei081077,https://himg.bdimg.com/sys/portrait/item/tb.1.f9587d4f.zholDzm4rGqq_t8n6OdliA?t=1534387286,,"今天谈谈抗抑途中我们关系最密切的人，到底能给我们什么帮助？
其实这个问题我也没有一个清晰的答案，见仁见智吧。说说我自己，最近，单位不稳定导致工作频繁变动，自己也被领导谈话做好被裁员的准备，情绪也一直不怎么好。赶上这周有个单位复试，昨天整体面试状态不佳，和自身有关系，也和自己能力有关系，所以我很纠结如果被录用了该如何选择，和男朋友电话时其实已经在焦虑中了，但是最终因为他认为没有劝好我也情绪不太好，我听不进去他一堆的理论和建议，所以两个人都很生气。虽然昨儿晚上男朋友还是打电话安慰我，取缓和关系，甚至是哄着我睡觉了，还是老样子等我睡着他再睡。中午和他打了一个半小时的电话，我感觉很难过，他说他昨天和我吵架也很生气，我是状态不稳定的情况下很难被人理解，而他是感觉自己哄我不好很受挫，感觉自己没有让我快乐的能力，我其实也没想过能让他变成一个幽默的逗我开心的人，我只想说自己能让自己稳定就已经很不错了，刚才因为心情烦躁数都算错了，工作已经出现差错，我的状态就更加的糟糕了，非常的难受，也很焦灼。我心疼我自己，我不想再寄托于别人能让我多么的舒服，就自己能取悦自己让自己开心就行。我以后也尽可能的少和他提这个事情，自己去消化自己的情绪吧，真的很难受，想哭。
我想大部分人也会出现这样的问题，甚至很多时候比这个更严重和难以解决。所以在我看来，亲人最应该帮助我们也最容易不小心伤害我们，他们的不理解其实也是一把利刃，直接戳中我们的内心，我们对他们有期待就会有伤害，所以要学会和自己对话，减轻自己的压力，也减少对他们的期待。其实男朋友没错，至少我的男朋友是这样的，他一直在自责自己为啥没哄好我，让我笑起来，但是我焦虑严重的时候确实很难短期内恢复，我只是想让自己能听到一些安慰的话，如果可以静静的陪着我待一会也好。但是也许这就是大多数人在无意识的状态下第一反应就是要给我出主意，从现实层面给我一些建议。但我偏偏那个时候就不想听到这些，我只是听到一些鼓励和安慰的话，似乎那就是能量，可以给我低电量的状态充电，而说话似乎就是边充电边看视频，最后也没冲进去多少电，反而损耗电池的寿命。但是人们总是忍不住一遍充电一边玩手机，这就是常人普遍的做法。
情绪发乎情，止乎静。
亲密关系有时不需要太多的话，而是让彼此都给与对方一定的冷静和思考的期间，而很少有人做到，大部分人都在喋喋不休的认为这是在帮助我们。我感觉这种帮助还不如不帮，越帮越忙，越是帮助效果越糟糕。
我到现在还没有找到一个能调和好这个问题的解决方法，虽然一再和家人强调着我的需求，但是似乎能做到还是需要蛮长的时间。",0,
2025-09-20 21:18:23,180,well😘,https://tieba.baidu.com/home/main?un=jingwei081077,https://himg.bdimg.com/sys/portrait/item/tb.1.f9587d4f.zholDzm4rGqq_t8n6OdliA?t=1534387286,,今天状态不理想，躯体症状还是出来了。忍着去忙了一天的装修的事情，装修是个繁缛琐碎的事情，每一个点都要扣，生怕没有顾虑到这个问题而产生不好的居住体验感。可是状态不理想，我的心口并不舒服，有点不在状态，坚持吧。期待自己能好点。,0,
2025-09-25 18:47:05,181,well😘,https://tieba.baidu.com/home/main?un=jingwei081077,https://himg.bdimg.com/sys/portrait/item/tb.1.f9587d4f.zholDzm4rGqq_t8n6OdliA?t=1534387286,,"最近这几天状况不佳，恐惧感有些严重，而且有躯体症状出现了，嗓子眼紧巴巴的，而且不想吃东西，前两天做梦都是感觉自己工作处境很难，属于毫无出路的境况。觉察到自己对于离开熟悉环境的一种恐惧感，压力感，不安感！今天本来状态很不错，但因为下班忙完了不想在大领导面前装样子而果断选择离开。但又心有不甘，自己辛苦了一天，效率很高，但是如果最终被领导看在眼里认为我工作不够努力，是不是有点不值得，还不如在那里装样子。可是身体已经发出了疲惫的信号，我确实不太想再在单位耗着。这让我很是矛盾，想想还是不开心，走了不甘心，不走累心～～
觉察痛苦感，理解自己这个样子是有原因的，因为在这里得不到肯定，没有人看到自己的努力。理解自己痛苦是正常的，是的，像个孩子似的理解她。",0,
2025-09-27 09:37:35,182,well😘,https://tieba.baidu.com/home/main?un=jingwei081077,https://himg.bdimg.com/sys/portrait/item/tb.1.f9587d4f.zholDzm4rGqq_t8n6OdliA?t=1534387286,,焦虑了就干活，这是抗抑途中很有用的办法，如果你还焦虑，证明你没有干进去，你没有让自己喜欢且能专注的事。我们都要寻找自己喜欢的事并可以专注的习惯，比如，我焦虑时就去收拾屋子，整理我的小物件，很容易专注进去，而且对于整理干净的房间很有成就感…你也试试吧,0,
2025-09-27 10:17:50,183,🌺秋日的暖阳🌺,https://tieba.baidu.com/home/main?un=%E4%BA%BA%E7%94%9F%E6%97%A0%E5%A3%B0%E4%BD%99%E7%94%9F,https://himg.bdimg.com/sys/portrait/item/tb.1.96bb914d.KYsK0HjcC0NfVU5--m5ApQ?t=1696943997,,你很棒,1,
2025-09-29 16:22:58,184,wk591,https://tieba.baidu.com/home/main?un=wk591,https://himg.bdimg.com/sys/portrait/item/tb.1.ebdbf2be.0J_4myGE1dhAqFrqKgH9Aw?t=1758682337,,其实你只要不再为已经做了的事和还没有做的事担心，好好做当下的事就好了，已经做了的事做了就做了，反正结果既然已经无法改变就没有必要不停得想它了，还没做的事既然还没有做，结果好坏都不知道又有什么好担心的呢，管它去车到山前必有路。当下做的事，做就行了，自己觉得尽力了就好，行与不行谁爱怎么评价都随意，不必太介意，其实你已经在很努力的做了，结果是否完美这不是谁都能控制得，放开手，大胆得做，你真得已经很棒了。,1,
2025-10-01 18:03:29,185,well😘,https://tieba.baidu.com/home/main?un=jingwei081077,https://himg.bdimg.com/sys/portrait/item/tb.1.f9587d4f.zholDzm4rGqq_t8n6OdliA?t=1534387286,,"今天是国庆节，也是长假的第一天，我今天加班，除了加班其他人摸鱼的时间我用来发呆和看点文章，看着大家在刷各种短视频的软件，几乎是人手都在看，我感慨，人和人的距离以后可能越来越远了。
想聊聊抗抑路上，刷手机对缓解消极的情绪真的有帮助吗
还是先说我自己，我的手机上没有安装抖音、快手、小红书，原因其实很简单，我不想让自己沉浸在不太现实的生活预期中，脱离实际反而会引起我的信息焦虑和对真实生活的期待。
焦虑和抑郁的时候如果打开这种小视频，虽然短期可以暂时从烦恼中脱离，但当它成为一种生活习惯时，你就会发现这种小视频几乎在你的生活中发生不了，概率极低。视频内容有时候还会让我们产生很多不契合实际的想象，其实你能看到的内容就是平台想让你看到的内容，我们这种人的思维本来就容易过于理想化，或者说完美主义，一旦遇到的某件事某个人不完美了，短视频会在潜意识里影响我们的思维，我们可能会变得更加的沮丧。所以更多的贴近生活也许能加速康复，比如出去接触大自然，和朋友聊一聊，看看小动物，在这么多年的疗愈中我越来越感觉到接触自然和保持生活本真的状态是一种重要得疗愈方法，而且效果也是能达到抗抑郁药效，难过的时候去家附近的宠物店看看小动物，抚摸一下它们，或者只是静静地观察这些小家伙就会让自己很容易松弛下来。如果长期都处于没事刷手机的状态，一个是沉浸在虚拟脱离实际的幻境中，容易对现实生活不满意，生活动力不足，二是由此导致的不愿意动脑筋，总想依靠网络信息解决问题，解决当下生活的能力减弱，而且我发现自己如果连续刷手机，会产生一种怠惰和头脑木讷的感觉，我们敏锐捕捉生活趣事的觉察能力就会下降，而对于emo和绿焦的人来说，觉察能力又是不可缺少的疗愈能力，所以长期刷短视频的确是对身心健康不利的。
对于短视频平台，更多的是商业价值的体现，而我们作为活生生的人，可能更多的是要体会真实的自己和真实的当下。已经身心俱疲的我们不想再看一些不切合实际的鸡汤，我们也不要被一些言语PUA，鸡汤不是适合所有人，对网络的言语适当听取，守住自己价值的底线。
人生，除了生存，就是闲暇。
生存相关的事情，没有快乐和轻松。
只有闲暇，才会让人知道生而为人还是美好的。
但是对于我们，情绪剥夺了我们生而为人的美好，除了生存，我们还是痛苦，感受不到快乐。所以我觉得我们要谨慎对待自己的闲暇时间，找到能让自己快乐还疗愈心理创伤的事情去做，可能会让我们过的更好更健康。
摸鱼的时候，很快乐，但是别沉浸在虚拟的东西中会让快乐更持久一点点。
这个国庆我还是满满的安排，但是也想抽出点时间去看看小动物，或者是观赏一下我自己养的小虾和小鱼苗。",0,
2025-10-06 12:27:16,186,well😘,https://tieba.baidu.com/home/main?un=jingwei081077,https://himg.bdimg.com/sys/portrait/item/tb.1.f9587d4f.zholDzm4rGqq_t8n6OdliA?t=1534387286,,"情绪它很伤人，就像把利刃，有的时候会割伤你的喉咙，有的时候会划破你的心口胸膛，有的时候会逼的你头疼，有的时候会让你难以下咽食物。
任何一种对抗情绪的方式和态度都容易加重情绪本身对你的伤害，比如这几天强颜欢笑的陪着婆婆和阿饼去挑选装修材料和家具，感觉其实静下来的时候自己并不快乐且有躯体的不适感，有时还会突然间心噌噌跳两下，今天就是耍赖不想去看家具了，但是情面上的事儿还是驱使我迈开了步子，走到地铁口又开始打退堂鼓，我开始微信问阿饼我可不可以不去了，但是我还是犹豫再三去刷了地铁的门，有点后悔为啥要出来，顶着这么冷的天气，我想起自己这么多年的病痛把自己折磨的很苦很痛，感觉眼泪已经在眼眶里打转了，我索性不想想什么好的事情，就是感受自己的这么多痛苦，过一会感觉躯体不适感稍微好受点，也许是释放了一些悲伤吧。悲伤本来让人很讨厌，但自己一个人呆着就不必为了让人看到我的快乐而强装，但一会见人时还是适当保持一些平静最好。
前半辈子的痛，后半辈子能放过就放过，能释怀就释怀。
为了别人认可而活的我，感觉委屈了自己的情绪，为何不能哭，为何非要笑，在别人看来，你们知道我经历了什么，内心有多么的不安，身体有多么的难受，凭什么要让我什么都表现的很好，乖巧懂事能说会道？温柔体贴样样具备？健康时的我什么都能做好，但病了的我，请让自己当下世俗对我的期待好吧！此刻～写着写着～联想着～泪水想倾倒出来，像小股的水流缓缓溢出，舒服一点了…地铁人越来越多了，我也快到站了。出了奥林匹克公园站去买了三杯热奶，去*博会的路上看到了沿途的小花，生命都有它的美丽，学会欣赏自然。",0,
2025-10-07 10:46:56,187,一头皮皮虾✆,https://tieba.baidu.com/home/main?un=ryx169156160,https://himg.bdimg.com/sys/portrait/item/tb.1.b93636fe.P6xcRKUwr14BkO4xGmv0Gw?t=1700388750,,看得出来楼主是一个很坚强很勇敢的人，有自己的生活方式，有自己对这个世界的独特理解，也有自己的行为准则，是一个很优秀的人，比大多数人都做的好，只是内心比较敏感，所以容易焦虑，平时别想太多，多听听能放松的轻音乐，做一些瑜伽等运动，来充实自己的生活，也能静下来让自己内心充满平静,2,
2025-10-07 19:25:40,188,是贝贝同學吖,https://tieba.baidu.com/home/main?un=%E6%98%AF%E8%B4%9D%E8%B4%9D%E5%90%8C%E5%AD%B8%E5%90%96,https://himg.bdimg.com/sys/portrait/item/tb.1.190d592a.YbIdVBgzZwDJzacA0pGUPw?t=1758442755,,多少？？16年……怎么这么久image_emoticon6,0,
2025-10-07 20:39:27,189,贴吧用户_GU3C6JS,https://tieba.baidu.com/home/main?un=%E7%9C%A0%E5%A4%A7%E8%A7%89,https://himg.bdimg.com/sys/portrait/item/tb.1.93140f6d.CrApFGT-ylQKZSfI8Ft_tg?t=1774822771,,看了你的故事，你真的好棒，你的上进是正能量的，如果再加点好运，你的人生和生活就更完美啦！,1,
2025-10-15 22:41:41,190,well😘,https://tieba.baidu.com/home/main?un=jingwei081077,https://himg.bdimg.com/sys/portrait/item/tb.1.f9587d4f.zholDzm4rGqq_t8n6OdliA?t=1534387286,,最近攀登康复之巅的路上，遭遇了“雪崩”，这几天我挣扎着，好艰难…允许感受和情绪的存在，让痛苦穿透你的身体，这个滋味我许久没尝到了情绪就像雪崩一样向我砸来，坐立不安～无能感～急躁～急切～气馁～难堪～丢脸～难过～唯有咬牙挺住…,0,
2025-10-17 19:32:44,191,well😘,https://tieba.baidu.com/home/main?un=jingwei081077,https://himg.bdimg.com/sys/portrait/item/tb.1.f9587d4f.zholDzm4rGqq_t8n6OdliA?t=1534387286,,这次工作上创伤给我的打击真的很大，我仿佛感觉到了刚得病时的那种无助和痛苦，真的，这么多年都没有这种感觉了。工作上从来没有遇到过这样的无助，就像和卓先生分手的时候，每一次他提分手我的浑身就像被割裂一样的痛苦，焦虑的我无法正常工作，也像我初次发病时那种痛苦感，赶不上学习成绩好的同学，作业写的没有人家快，领悟的也没有人家快，这次是因为不会做，又得不到帮助的无助感，焦虑不安。,0,
2025-10-19 09:42:20,192,well😘,https://tieba.baidu.com/home/main?un=jingwei081077,https://himg.bdimg.com/sys/portrait/item/tb.1.f9587d4f.zholDzm4rGqq_t8n6OdliA?t=1534387286,,还是有胸口憋闷的感觉，里面有根神经在扰动，搅合的让我难受，没有想哭的想法，也没有情绪的波动，就是默默地难受着，让我做事情产生了很大的阻力，也不想吃饭，昨天吃了汉唐小馆的臊子面，感觉开胃了，很久没吃面吃的这么愉快且有食欲感，躯体症状这次是短期内是不打算走掉了，既然如此，我就只能带着他生活工作，还不能讨厌它，让它安心的在我这里住下，还是很难受，但是我必须学会带着症状前行，不这样，我可能根本好不起来。我只能硬着头皮是面对，或者柔软的去面对这个问题。心理老师说吃抗焦虑的要不会依赖无法摆脱的，我相信她的这句话，我相信可以做的很好，我相信微笑的力量会慢慢积攒成一股强大的力量好起来.,0,
2025-10-20 22:36:12,193,well😘,https://tieba.baidu.com/home/main?un=jingwei081077,https://himg.bdimg.com/sys/portrait/item/tb.1.f9587d4f.zholDzm4rGqq_t8n6OdliA?t=1534387286,,连续五天的躯体症状，胸口隐痛，今天坚持第五天跑步，还好，安心睡吧！,0,
2025-10-23 21:55:17,194,well😘,https://tieba.baidu.com/home/main?un=jingwei081077,https://himg.bdimg.com/sys/portrait/item/tb.1.f9587d4f.zholDzm4rGqq_t8n6OdliA?t=1534387286,,前天和昨天就因为工作任务可能要完不成，真的焦虑爆棚了，压力直线上升，emo和绿焦在身体上折腾的我承受不住，尤其是胸口的疼痛感，穿越痛苦的这几天，我也算是破茧成蝶了，加油！,0,
2025-10-23 21:57:41,195,well😘,https://tieba.baidu.com/home/main?un=jingwei081077,https://himg.bdimg.com/sys/portrait/item/tb.1.f9587d4f.zholDzm4rGqq_t8n6OdliA?t=1534387286,,"老师曾告诉我，学会穿越痛苦，很痛苦，但你会不再去抗拒它，你也就会更加的包容和理解你的痛苦，也就离康复更加近了一步！
这几天我在穿越痛苦中感觉崩溃了两次，最难受的时候我用手揪着胸口，不抗拒，它就会不折磨你，我很棒！",0,
2025-10-23 22:25:30,196,贴吧用户_GU3C6JS,https://tieba.baidu.com/home/main?un=%E7%9C%A0%E5%A4%A7%E8%A7%89,https://himg.bdimg.com/sys/portrait/item/tb.1.93140f6d.CrApFGT-ylQKZSfI8Ft_tg?t=1774822771,,如果有机缘，我愿用我所学把你健康提升一个高度,0,
2025-10-25 10:19:33,197,well😘,https://tieba.baidu.com/home/main?un=jingwei081077,https://himg.bdimg.com/sys/portrait/item/tb.1.f9587d4f.zholDzm4rGqq_t8n6OdliA?t=1534387286,,"穿越痛苦，目前在缓冲阶段，事情还没有完，状态也待定，安住当下就可以，享受哪怕几天或者几个小时的安然与宁静。不放过任何一个可以安住当下的机会。
需要药物，需要咨询师，需要家人，需要社会支持，老师说这些都是很有用的，能抓住几个就抓住几个，而不是自己一个人默默承受。但该自己去面对的，别人替代不了，工作要分道扬镳了，岗位有新的变化，半年经历了三次岗位的调换和裁员，老师说我已经很棒了，我自己感觉不到自己的优质，目前负面的外界因素和评价太多，没有人认可我，那么自己先接受，先接受吧。
接受是个伟大的突破，没有谁不佩服能接受万事万物的人！",0,
2025-11-06 23:02:03,198,well😘,https://tieba.baidu.com/home/main?un=jingwei081077,https://himg.bdimg.com/sys/portrait/item/tb.1.f9587d4f.zholDzm4rGqq_t8n6OdliA?t=1534387286,,这几天太忙，无时间写帖子了，只能匆忙的说，没有办法控制外界，跌宕起伏的外界变化，你能守住的只有内心的宁静，少说多做，稳定心神。明天单位的“幺蛾子”继续上演，我的状态也是焦虑为主，希望不管世界怎么变我的心可以稳定下来。,0,
2025-11-06 23:02:48,199,well😘,https://tieba.baidu.com/home/main?un=jingwei081077,https://himg.bdimg.com/sys/portrait/item/tb.1.f9587d4f.zholDzm4rGqq_t8n6OdliA?t=1534387286,,躯体不舒服时也要躺下睡觉，培养生物钟吧！,0,
2025-11-13 08:23:12,200,well😘,https://tieba.baidu.com/home/main?un=jingwei081077,https://himg.bdimg.com/sys/portrait/item/tb.1.f9587d4f.zholDzm4rGqq_t8n6OdliA?t=1534387286,,事情还没有完，这周都在刀尖上行走着，躯体症状一直在困扰着我，还是很难受，但是把工作先干完吧，下周能好起来，加油！,0,
2025-12-03 18:06:10,201,well😘,https://tieba.baidu.com/home/main?un=jingwei081077,https://himg.bdimg.com/sys/portrait/item/tb.1.f9587d4f.zholDzm4rGqq_t8n6OdliA?t=1534387286,,"很多天我都没提笔写点什么了，感觉自己都有点不想这样，但是生病了，一是没力气写太多正能量的东西，二是没思路写太多对大家有实际帮助的方法，自己还在苦痛中挣扎，还需要外界的帮助和关心，所以我综合考虑了一下，想等自己好点再说。这几天稍微稳定一点，感觉有点精神状态了，也比之前食欲好很多，也能稳定的在工位上工作了，但是我知道状态就是无常的，经历了一桩桩一件件的波折和困难，我感觉也许自己心理韧性可能会有所提升，面对外界的不确定性也可以稳点些了。分享一下我状态低谷时自救方法和一些失败的经验，也算是复盘一下近期的状态了。
应该是从9月下旬开始绿焦就附身了，起因可能还是单位传出要成立新的BP公司，全体财务人员要去BP竞聘上岗，而且正在这个时候我接到了一家不错单位的面试通知，而且父母在这个时候还要来会亲家，老妈急急火火的非要赶上我要面试的那几天来，说是见了面就走，不打扰我，但是怎么可能不牵扯我的精力呢？
去单位外部面试其实压力也是蛮大的，毕竟从笔试走到面试不是一个容易的过程，我是那天下午第一个面试的人，填表时就催我催的不行，结果没怎么填，我就交了，毕竟面试才是最关键的环节。而面试的气氛也是给足了压力，五名考官坐在你对面，还有一位人力资源的人，负责组织面试，我坐下后桌子上放了一张纸，上面列示了若干问题，要用5分钟的时间选择其中的必答和选答问题进行陈述，我看了看问题，想想自己该说点什么，其实当时也不知道该说点什么，全靠着之前的准备林场发挥了，所以平时的口语练习还是挺重要的，如果平时语言组织能力好，那么面试的时候基本上闭着眼睛也不会答的太差，但是在面试官提问环节，我显然对该公司的业务了解的不是很清楚，所以也许我的回答还是有些偏差，我自己也能隐隐的感觉到，答完之后我感觉浑身都焦虑的不行，我知道这次的发挥并不理想，所以面试出来我手心都是汗，心里感觉估计是没戏，但是也觉得自己答的好像也没那么差，也许是感觉的错觉吧。这次面试后我和男朋友因为我情绪的问题也争吵过一次，因为我的过度焦虑让他感觉不理解，所以我们吵了一架，吵完架我自然状态更加糟糕。
没过几天，我父母又匆匆来会亲家，我还要接送她们，给他们定酒店等等若干大大小小的事情，真的是很心累。
（待续）",0,
2025-12-03 18:07:19,202,well😘,https://tieba.baidu.com/home/main?un=jingwei081077,https://himg.bdimg.com/sys/portrait/item/tb.1.f9587d4f.zholDzm4rGqq_t8n6OdliA?t=1534387286,,"又赶上月底结账工作忙，背负着沉重的心理负担选了最后一天领证，月底一般是不让请假的，但是选择这个日子也是希望男朋友好容易记着这个结婚纪念日，为了他的这个大条我也是操心。因此被毒舌姐姐说了一通，也不想和她说实话，我是去领证的，因为我不想在单位谈及关于我个人的私事。更让我介怀的是对于领证前的求婚，似乎阿饼并没认真对待，甚至在我提醒他之后，他才有所行动，而他所谓的“求婚”，不过是在地铁站买了两枝百合，随手举着回来，并未郑重、诚恳地向我表达心意。这在他看来或许已算“完成”，却远未达到我的期待。婚姻是人生仅有一次的重要承诺，本应被认真、用心地对待，为何要如此草率，让我感到失落与不快呢？
男朋友领证前没向我好好求婚，我的情绪就开始走下破路了，紧接着十一假期忙着装修买材料，每天基本上都是在去建材市场的路上，一刻也没停歇，我的心理状态始终没有时间调整过来，更糟糕的是十一之后出纳休假三天，我还要替她的岗位，结果…..工作一连出现失误，失误的缘由很大程度上归咎于交接工作时出纳没有将容易出现问题的地方强调告知我，因工作经验的不足我没有及时发现这些问题，导致出现了失误，三天的工作如坐针毡，我不会的工作也没有人会教我，给出纳打电话，她也不能及时接听，那几天我感觉自己像个掉入井底的小孩，拼命挣扎也无人救我，无助感、压力感、恐惧感萦绕在我心里。我被毒舌姐姐和部门的其他同事看在眼里，骂在嘴上，感觉自己无脸面对自己的失误，就连财务总监也迫于压力把我叫到办公室严肃的批评了我一顿。从我来到这个部门，同事对我的容错率太低，我就不能出错，出错就是问题，就要被大家鄙视和冷漠。十月中旬出纳休假回来，我的状态虽然依然不好，但稍微稳定了一些，但是总账的工作我因为看错了交作业的日期，结果在还差一天交作业的时候还有很多没有完成，导致焦虑的不行，胸口开始疼痛，内心很是着急，我清楚的记得那天晚上我一直做到12点也没做完，一宿没怎么睡着，第二天早上我甚至不想上班，不想面对这个单位，其实我知道我是怕毒舌姐姐了，她的严苛和对我的攻击在我脆弱的状态下显得更加的痛苦。躯体症状像打不死的小强一样，始终不肯放过我，尤其是胸口的疼痛感，有一根神经在作怪。有几次疼的我感觉很难坚持住，和男朋友打电话的时候我像泄了洪一样的哭泣，我自己都害怕这样的自己，也是这些年来从来没有过的一种极度的低落状态了，我知道这次外界给我施加的阻力和不友好太严重了。虽然我试图和男友大哭，但是他的沟通方式还是在我很烦躁的时候出了一些问题，我的情绪反而没缓解，加重了自己的痛苦度。
（待续）",0,
2025-12-03 18:08:08,203,well😘,https://tieba.baidu.com/home/main?un=jingwei081077,https://himg.bdimg.com/sys/portrait/item/tb.1.f9587d4f.zholDzm4rGqq_t8n6OdliA?t=1534387286,,"刚刚稳定了没几天，单位又开始准备竞聘新岗位，我同时选择了好几个岗位，但是我知道自己竞聘上的可能性非常小，只能选择其他职能岗去尝试，在我看来，只要又一线希望，自己都会尽力去争取，否则自己会有遗憾，会因为自己的不努力而让自己更加的焦虑不安。记得投递简历只给了两天的时间，还是个周六日，我上午去医院找大夫加好看病，下午跑回来开始写简历准备投递，每一件事情都那么的不顺利，上午从找大夫加好到最后能看上病一共等了五个小时，刚开始的头三个小时我还算淡定，后来就感觉越等越焦虑，越等越烦躁，因为等待叫号和写简历都是让我很着急的事情，但是又偏偏不能很快完成，看着候诊室的人越来越少，而我一直等到了下午，因为大夫所在的诊室下午还有其他大夫来坐诊，所以我的大夫就从楼上的专家诊室转移到了楼下的特需诊室，我跟着医生跑到楼下等号，护士拦着我们生怕我们影响了特需就诊的环境，我也只能在候诊室等待，看着门口等待的好多都是年轻人，她们甚至有些噙着眼泪，有些低头丧气，我能感觉到和我们一样的人都在承受着什么。我和男友一直等到下午两点才看上病，大夫已经累得精气神不足了，我们简短的说了一下病情然后就出来了。回家路上，因为男朋友一句无心的话让我很不舒服，我和他发了火儿，感觉他很冤枉我，还是我很在意别人对我的看法吧。回到家一边写简历一边和男友生气，就这样写到了深夜，那些天，我参加了单位的四场面试，感觉有点没心思工作，被弄得人心惶惶的，自己的神经也紊乱的总是慌里慌张的，那些天手心出汗、心慌、身体难受、没有食欲、总是突然间很害怕，我感觉自己的身体也快被掏空了。经历了四次面试，又接到了系统内其他板块公司的面试通知，我其实挺欣喜的，毕竟终于有个正经八百的岗位面试邀请了，原定的是那周的周四上午，但是因为出纳又要去银行办理销户，偏偏也在周四上午，所以我只能忍痛割爱的和用人单位商量其他的面试时间，真心不情愿，也真心对出纳开始更加的厌恶和讨厌，偏偏挡我路，更让人讨厌的事情是她要在11月月初休长假，我当时听到这个消息脑袋嗡嗡作响,我就在想你到底想作啥呢，十一刚休完假，这会赶上岗位变动的时候又开始休假，一想到要替她工作五天我就恼火，我恼火的不是工作本身，而是她没有教会我的东西，打电话不接，发微信不回的工作态度，休假是休假，但是替你的人不会你也要帮助解决呀，不能对工作就置之不理吧，这不是人机关系问题，是你对工作态度的问题。可是我的这些困难没有人会替我去想想，只能我自己硬着头皮去解决，那几天我挺焦虑的，因为心理对于工作曾经出现的问题产生了创伤，生怕自己再次出现问题让自己更加的不安和焦躁。所以接下来的日子一边准备面试一边和出纳学习训练自己的工作能力，但是在接下来的一周我的工作状态也非常堪忧，甚至是在躯体症状很厉害的状态下完成了一周的工作，那几天我想的只有不想再做这个工作了，真的不想再做了，从来没有因为工作的问题让自己的状态这么的不堪，毕竟这种环境对自己内心的冲击力太大了，自己很难发挥出自己的潜在能力。当我熬过了这艰难的五天后，我终于也释然了很多，面对总是最好的解决办法。只是接下来的日子我的状态还是一时很难好起来，症状还是时不时的出现干扰我正常的生活。不过这期间自己也勇敢的做自己，去和别人说NO，该吵架吵架，该干嘛干嘛，因为自己总要学会去对抗外界的阻力，学会保护自己爱护自己。直到22日我才感觉身体有所好转，逐渐恢复。那个周六日我待得挺舒服的，尤其喜欢蜷缩在床上，让自己在温暖和惬意中沉浸于一份慵懒，虽然屋子挺冷的，但是心情愉悦，便也不觉得难熬。那几天确是我这一个多月以来最为舒适与享受的两天。随后的这一周也保持了比较好的状态，可能长时间的精神压力大导致松弛下来后开始变得有些不爱动，容易疲惫，但是终究在持续了一周断断续续的睡眠后，恢复了比较正常的状态。
（待续）",0,
2025-12-03 18:09:32,204,well😘,https://tieba.baidu.com/home/main?un=jingwei081077,https://himg.bdimg.com/sys/portrait/item/tb.1.f9587d4f.zholDzm4rGqq_t8n6OdliA?t=1534387286,,"所以这段时间我总结了以下容易恢复起来的经验：
一是睡眠问题，如果你出现断断续续的睡眠问题，不要抗拒，我反正是不抗拒的，睡不着就睡不着，我可以看会书，看会剧，还可以下床简单活动一下，上个厕所，喝点温水，吃点甜点，这些我都尝试过，还尝试过在床上做做伸展运动，总之别逼自己睡觉就行。经过一段时间的不正常，在调整后会慢慢恢复正常模式。
二是心理抑郁时，是自己解脱还是家人陪伴聊天，这个因人而异吧，我觉得没有一个准确的答案。如果你觉得和家人待在一起聊天倾诉能舒服，那是不错的，就千万别憋着，敢于表达也是治愈的关键。如果你像我似得，感觉家人也GET不到你的点，那么你最好是自己能一个人安静的待会，尤其是家人不理解或者沟通不舒服的时候，你越是和他们争论越是容易让自己的情绪波动更大，反而弄巧成拙，就像我男友，他很像努力照顾好我，但是他努力的点或者对这个病的理解也是有局限性的，有些他没生病终究是无法感同身受的，所以这个时候我选择和他争吵还是一个人独处，是很重要的选择，一旦选错了，就会让自己更加的难过。这段时间我经常因为情绪不好而和他生气，当然这其中他的沟通能力也确实是有点问题，综合导致我们产生了不愉快，所以我们的问题很考验家人的沟通能力和共情能力，但是家人们往往都很少具备这样的能力，她们不是心理老师，不能做到这些也是正常的。所以我会选择去和老师更多的沟通我的问题。
三是如何避免陷入情绪不自拔，我是容易在状态不稳定时陷入情绪不自拔的，但是这也是有条件的，如果我一个人时通常不会出现问题，我的自救能力很不错，但是我【偏偏】会在和亲密的人闹矛盾的时候出现更多的情绪，而且控诉对方没完没了，很难收手。对方越是不说话，我越是来气，对方即使是道歉，我也没觉得能缓解我的情绪，只有对方想真的能和我好好聊一聊的时候，我才像个婴儿一样安静下来了，这个问题我一直不知道为什么会这样，我觉得自己有时候也理解不了自己这个样子，待探索中吧。
四是生病时要放弃工作吗？也是见仁见智吧，以每个人的身体状况，对疾病的抵抗力，内心的信念感等综合考虑吧，不强求，只要觉得是当下自己比较好的选择就可以了。那我自己举例，可能我是那种比较能坚持的人，或者用别人的话来时你很坚强呀，我通常会坚持工作，而且能把工作做的很出色，但是也要学会休息，能休息时果断休息，回家能锻炼时就不能拖延，这是生病的同时保证工作的一个很重要的保障。当然如果你感觉自己很弱，就想让自己休息，那也无可厚非，我尊重每个生病的人，你们都很不容易，不管是在家还是在单位，都要学会照顾好自己，规律作息和饮食，注意不要懒，给自己找事做。疗愈不一定是躺着，也可以是做事情，也可以是工作。
五是如何有效应对疾病发作期的症状，让自己建立能好起来的信心？我觉得在急性发作期，我自己也难受的很难有什么所谓的信心，只是想快点结束这个痛苦的状态，快点，快点，再快点，不想面对，不想面对，就是不想面对……大概大家都是这个样子，因为痛苦而逃避，因为焦虑而不像面对，因为疼痛而想让这一切快点过去，但是实际上疾病往往就是你越让我走，我越是不走，这个时候我们要自己想点让自己舒服的方法先缓解症状，让自己不那么抗拒这种痛苦，比如我抑郁的时候会买点甜点、准备点黑巧，难受的时候吃点，如果有躯体症状比如胸闷，我会选择下楼跑步，效果一直都很好，基本上相当于吃药，而且很容易立刻起效，我还用筋膜枪在特别不舒服的肌肉部位使用，也能缓解身体的痛感，让神经很快放松下来，或者用电热宝去热敷身体疼痛的部位，很容易镇定安神入睡。总之，难受时请相信痛苦是阶段性的，不妨给自己设个期限，具体多久不重要，而是这种明确的期限会给你一种控制感和希望感，就像我看过的一句话，是窦文涛的父亲告诉他的：“这个遇到电视不好看怎么办？”，“不要急，等着吧，过一会就好看了”
所以，不要着急振作起来，接受并允许自己目前以及在未来一段时间内，可能就是这个样子，痛苦的，打不起精神的，疲倦的，灰暗的。没有关系的，人生很长，给自己放个长假。
我的心路历程最近真的很衰，没有那么多有色彩的东西分享给大家，但是在平淡的日子里还是会找点自己觉得舒服的事情去做，毕竟上班已经很难了，下了班就得让自己舒服点，而且我因为胃肠变得好了，自己也胖了，其实还是不想胖，毕竟好多裤子容易穿不上。
（待续）",0,
2025-12-11 10:44:38,205,well😘,https://tieba.baidu.com/home/main?un=jingwei081077,https://himg.bdimg.com/sys/portrait/item/tb.1.f9587d4f.zholDzm4rGqq_t8n6OdliA?t=1534387286,,今天没带电话，本来不想和毒舌说，但是还是从工作的角度告诉她一声，我觉得自己已经够认真负责的了，结果人家非要一个我的电话，我也是很烦我其实很不喜欢这种被人控制的感觉，感觉有点职场霸凌的感觉，但是这次不能再因此而把自己折磨出心理疾病了，那是大大的不值得。好好的，对待自己，是我们一生要做的功课。照顾自己，做好当下该做的事吧。,0,
2025-12-11 11:00:11,206,well😘,https://tieba.baidu.com/home/main?un=jingwei081077,https://himg.bdimg.com/sys/portrait/item/tb.1.f9587d4f.zholDzm4rGqq_t8n6OdliA?t=1534387286,,近在丽都XX借调上班，与一同前来的其他单位几位姐姐共进午餐，让我体会到很久没有过的轻松与温暖。在原先部门被孤立的时间太长，始终找不到一个可以相处、交流的伙伴，而这几天却让我感到心安、舒心。和我一起的那个姐姐也是个要快退休的财务大姐，如果我也是她这个岁数估计是不太可能再焦虑和抑郁的，单位安排什么就做什么，顺其自然，反而整个人都能进入一种平静接受安排的状态。她显然对此次借调并不满意，我倒觉得还好；只要不被人刻意压制，无论在哪儿，我都能适应得不错。中午和这些财务大姐们一起吃饭，很舒服，也感觉久违的工作快乐感，虽然只是认识几天，但是大家相处的很融洽，回想在现在这个部门共事半年多，关系依然疏离，每个人都仿佛有一颗捂不热的心。我尤其佩服那位“毒舌姐姐”，她似乎真的没有什么人情味——事实上，她自己也曾如此形容自己。站在我自己的立场上，每次她以犀利言辞指向我时，我都感到非常难受与不适。与她对话时，我只能睁一只眼闭一只眼。这种感受真实而深刻，也让我更加珍惜当下这段简单、互助的人际往来。,0,
2025-12-20 09:28:43,207,well😘,https://tieba.baidu.com/home/main?un=jingwei081077,https://himg.bdimg.com/sys/portrait/item/tb.1.f9587d4f.zholDzm4rGqq_t8n6OdliA?t=1534387286,,最近是持续恢复状态中，今天去医院复诊，大夫看我不错的样子，我也觉得自己是穿越痛苦才又感觉活过来的，珍惜现在美好的当下，这太重要了。,0,
2025-12-22 12:47:22,208,well😘,https://tieba.baidu.com/home/main?un=jingwei081077,https://himg.bdimg.com/sys/portrait/item/tb.1.f9587d4f.zholDzm4rGqq_t8n6OdliA?t=1534387286,,"人有的时候就是需要静心，就是需要一个人静静的待着，尤其是抑郁的时候，外界给你的信息量越大，你越烦。
走路的时候记得正念，感受脚底板跟地面接触的那种感觉。
外面的天气虽然冷，但是和大自然接触是康复的必经之路。加油亲们！",0,
2025-12-26 16:09:47,209,well😘,https://tieba.baidu.com/home/main?un=jingwei081077,https://himg.bdimg.com/sys/portrait/item/tb.1.f9587d4f.zholDzm4rGqq_t8n6OdliA?t=1534387286,,今天因为工作疏忽的原因被毒舌讽刺了一番，我突然间意识到其实，她也并不可怕，每个人对待同一个事的表现出来的状态不同，如果换作别人，还有其他种表现形式，所以，她只是这样的样子，这样的话语，但是其实事情还是那个事情，那就是一个事实。所以，试着理解他人，也别那么看轻自己，如果因此而让别人的态度言语伤害到自己，那可能还是我们的修养不够。,0,
2025-12-29 18:36:17,210,well😘,https://tieba.baidu.com/home/main?un=jingwei081077,https://himg.bdimg.com/sys/portrait/item/tb.1.f9587d4f.zholDzm4rGqq_t8n6OdliA?t=1534387286,,如果生活没有什么奔头，那就让每天的生活规律点，比如定时定量的吃核桃仁，比如定时睡觉，比如每个节日，每个休息日，问候一下自己的爱人！,0,
2026-01-06 08:34:49,211,well😘,https://tieba.baidu.com/home/main?un=jingwei081077,https://himg.bdimg.com/sys/portrait/item/tb.1.f9587d4f.zholDzm4rGqq_t8n6OdliA?t=1534387286,,抗抑秘诀：不吃肉的人更容易患焦虑和抑郁症；低质量碳水化合物与抑郁症风险增加呈正相关，且剂量依赖性很强；摄入高质量蛋白质和碳水化合物，尤其是晚餐摄入，与抑郁症风降低有关。,0,
2026-01-06 22:46:57,212,well😘,https://tieba.baidu.com/home/main?un=jingwei081077,https://himg.bdimg.com/sys/portrait/item/tb.1.f9587d4f.zholDzm4rGqq_t8n6OdliA?t=1534387286,,最近眼睛有点过敏，早睡！,0,
2026-01-12 12:09:39,213,well😘,https://tieba.baidu.com/home/main?un=jingwei081077,https://himg.bdimg.com/sys/portrait/item/tb.1.f9587d4f.zholDzm4rGqq_t8n6OdliA?t=1534387286,,眼睛的问题还在困扰我，压力和不顺心也在萦绕在我身边。静下来是最重要的。,0,
2026-01-14 12:07:59,214,well😘,https://tieba.baidu.com/home/main?un=jingwei081077,https://himg.bdimg.com/sys/portrait/item/tb.1.f9587d4f.zholDzm4rGqq_t8n6OdliA?t=1534387286,,"有条不紊，接受生活。
改变和对抗别人，都是对自己的折磨，也毫无效果",0,
2026-01-16 10:30:58,215,well😘,https://tieba.baidu.com/home/main?un=jingwei081077,https://himg.bdimg.com/sys/portrait/item/tb.1.f9587d4f.zholDzm4rGqq_t8n6OdliA?t=1534387286,,"上午出纳跑过来又要和我商量休假的事情，我非常的反感，我非常非常的反感，我不能一让再让，我觉得的妥协是建立在互相理解和尊重的基础上的，但是她只顾自己的想法，我觉得还是自私了些，所以我不能忍让，我这次说什么都不能忍了。对于这个部门，我不能再忍让了，没完没了。最近的火气蛮大的，真的蛮大的。之前听了一个心理的直播，感觉挺受益，人还是需要建立一定的边界感，但是这个过程其实蛮难的，不是很容易做到，我也打算试一试，突破一下自己。
期待效果！",0,
2026-01-29 17:12:28,216,well😘,https://tieba.baidu.com/home/main?un=jingwei081077,https://himg.bdimg.com/sys/portrait/item/tb.1.f9587d4f.zholDzm4rGqq_t8n6OdliA?t=1534387286,,"很久没写帖子了，可能最近自己的感觉不是很强烈，写帖子也是需要点灵感的，也可能是自己最近懒于动脑思考导致的原因吧。
最近发现了一款降低emo的食物葡萄柚，如果心情不好可以随时吃一瓣，感觉不错呢，主要是味道非常的沁人心脾，而且葡萄柚的果肉也非常的甜美，有柚子的味道，同时也有橙子等其他果味，闻了之后确实有疗愈心情的功能。水果的确有降低emo的功效，还有新闻说可以在床头放一些柑橘类的水果，比如橘子、柠檬等，清新的果香有助安心凝气，促进睡眠。现代医学研究证实，柑橘类水果中含有一种叫“苧烯”的化合物，具柠檬香，是一种清爽酸味，能刺激大脑产生α脑电波，使人头脑放松、轻松入眠。所以小伙伴们还是可以尝试用水果来治愈一下自己疲惫和低落的心境。
近来感觉心境好一些，但是也有起伏，心理治疗还在继续，似乎有了些突破。每天都审视一下自己的内心，彻底放空自己后感受一下自己心里的状态，当自己彻底走入自己松弛的状态中时，确实感觉是最舒服的时候。",0,
2026-02-03 13:30:18,217,well😘,https://tieba.baidu.com/home/main?un=jingwei081077,https://himg.bdimg.com/sys/portrait/item/tb.1.f9587d4f.zholDzm4rGqq_t8n6OdliA?t=1534387286,,最近脚掌上长了个鸡眼，疼得走不了路了，我痛苦的只能选择放弃春节旅行，感觉还是挺遗憾的。上午去医院检查，大夫说用冷冻的方法，今天第一次，试试看，但愿好起来。人总是在生病后羡慕那些没病的人，但是人还是要面对生病。,0,
2026-02-04 17:05:48,218,well😘,https://tieba.baidu.com/home/main?un=jingwei081077,https://himg.bdimg.com/sys/portrait/item/tb.1.f9587d4f.zholDzm4rGqq_t8n6OdliA?t=1534387286,,"感觉心情有时候还是有点闷，也许是我潜意识对未来不确定的恐慌，也许是周围没有示好的人，让我感觉到不安全感。
只要毒舌在我身边，我就会感觉到有点难受，或者不自在。但是我也在慢慢感受这种感觉，并靠近这个感觉，不想去躲避。后天就又能去见老师了，感觉还是挺开心的，有时候通过梦境我也能更加的了解我自己的潜意识，这本身就很有意思。其实有时候还是很逃避自己的焦虑和恐惧，不想面对。深呼吸，深呼吸，让自己尽量能放松一点点。我知道未来的路不好走，或许还会遇到很多的坎坷荆棘，自己坦然一点吧。",0,
2026-02-06 17:02:35,219,well😘,https://tieba.baidu.com/home/main?un=jingwei081077,https://himg.bdimg.com/sys/portrait/item/tb.1.f9587d4f.zholDzm4rGqq_t8n6OdliA?t=1534387286,,春天到了，前天是二十四节气立春，也是二十四节气之首，万物复苏，草木发芽，也是容易出现各类疾病的季节。也是精神类疾病容易复发的季节，所以从立春之后我们都要注意自己的情绪问题。所以定时监测一下自己的状态也是必要的，我的小方法通常是每天记录自己身体感受及心情的总体情况，方便自己知道状态的走势，这样对于任何一种疾病都有一些简单的记录会帮助我们分析自己身体状态，避免很多疾病的复发。比如，如果我连续两周以上情绪都不好，那就要注意自己的情绪可能有问题了，如果只是难受几天，那么还好，可以通过我们的自身调节来解决。春天的确是个好季节，但也让我们要谨慎对待这个特殊的时令。预祝各位都能顺利度过春天这个美好的季节。,0,
2026-02-09 12:24:19,220,well😘,https://tieba.baidu.com/home/main?un=jingwei081077,https://himg.bdimg.com/sys/portrait/item/tb.1.f9587d4f.zholDzm4rGqq_t8n6OdliA?t=1534387286,,今天眼睛有点难受，可能是这两天放假休息在家看剧看的，还是尽量避免看剧，看看能不能好点！,0,
2026-02-16 23:20:42,221,well😘,https://tieba.baidu.com/home/main?un=jingwei081077,https://himg.bdimg.com/sys/portrait/item/tb.1.f9587d4f.zholDzm4rGqq_t8n6OdliA?t=1534387286,,春节除夕守岁，今天感觉精神状态松弛下来后少有的困顿和疲乏，精神在过度压抑和焦虑后就是容易这个样子的，照顾好自己的身体，一直都是每年自己最大的心愿，加油！也祝病友朋友们都越来越好！,0,
2026-02-18 09:22:00,222,well😘,https://tieba.baidu.com/home/main?un=jingwei081077,https://himg.bdimg.com/sys/portrait/item/tb.1.f9587d4f.zholDzm4rGqq_t8n6OdliA?t=1534387286,,今天来洛阳第二天，感冒+生理期+脚丫起泡，这次的旅行有点遭罪呀，但是好在和阿饼一起，他可以照顾我，我还好！,0,
2026-02-21 17:25:51,223,well😘,https://tieba.baidu.com/home/main?un=jingwei081077,https://himg.bdimg.com/sys/portrait/item/tb.1.f9587d4f.zholDzm4rGqq_t8n6OdliA?t=1534387286,,这几天筹备婚礼，阿饼先生的规划协调能力，让我很是担忧，我还是没办法接受他的思维和我的差异，但是我也得理解他为什么是这样一个人，我只能说我自己可以理解并接受这件事才是我的“修行”，需要两个人一同完成的事，我只能选择理解着去做，而且不能对别人有太高的期待，期待太高，会有很难受的落差感。,0,
2026-02-24 20:19:25,224,等待伊人26,https://tieba.baidu.com/home/main?un=%E7%AD%89%E5%BE%85%E4%BC%8A%E4%BA%BA26,https://himg.bdimg.com/sys/portrait/item/tb.1.67088940.qEHcUU4QitwtCjBeydKLMA?t=1774492084,,吃素，学佛，放生，一定会好起来的,1,
2026-02-25 18:59:28,225,well😘,https://tieba.baidu.com/home/main?un=jingwei081077,https://himg.bdimg.com/sys/portrait/item/tb.1.f9587d4f.zholDzm4rGqq_t8n6OdliA?t=1534387286,,这是我春节假期的最后一天，感觉好像也只是放了三天假的状态，因为其余的时间基本上全部用在了旅行和婚礼的事情上，没有发呆的时间，也基本上没有独处。春节前刚休假时困的总睡，春节后休假即将完毕时也有些许的疲劳，一个假期把我工作焦虑的状态给基本上冲散了，因为当我开始进入假期模式时自己自然的就进入到了放松和忘记烦恼的状态，这也算是好事，因为不能总是盯着痛苦，要活在当下，当下该松弛如果还在不良状态中说明自己的觉知还是存在问题。闭上眼睛想想自己过了蛇年，接下来该如何去度过马年，今年是否要尝试一些新的疗愈方案，自己的专业是否要捡起来继续努力，自己的婚姻生活如何继续经营下去……这些我需要有点新的突破，即使效果并不理想，即使最终失败，但是尝试会带给自己更多的收获，我觉得对于emo和绿蕉的人，尝试新的东西是一种疗愈方法，改变认知也提升自己的行动力，因为很多附着在头脑里的思维定式也可能会因此而被打破，所以今年我也将亲自去尝试新事物来验证这个疗愈的效果。,0,
2026-02-28 07:20:43,226,走夜路的女鬼👻,https://tieba.baidu.com/home/main?un=%E8%87%AA%E7%84%B6%E7%BE%8E%E7%BE%8E%E5%8F%91,https://himg.bdimg.com/sys/portrait/item/tb.1.896c7249.cYcAPY6o_IwyuPH_g0zz9Q?t=1611451514,,爱自己，爱生活，尊重别人，遇事不纠结，做事要认真投入，多运动，少内耗，解决抑郁不是问题。,0,
2026-02-28 13:38:31,227,well😘,https://tieba.baidu.com/home/main?un=jingwei081077,https://himg.bdimg.com/sys/portrait/item/tb.1.f9587d4f.zholDzm4rGqq_t8n6OdliA?t=1534387286,,好的，谢谢您的鼓励和建议！,0,
2026-03-03 16:46:34,228,well😘,https://tieba.baidu.com/home/main?un=jingwei081077,https://himg.bdimg.com/sys/portrait/item/tb.1.f9587d4f.zholDzm4rGqq_t8n6OdliA?t=1534387286,,上周五和今天，我去给事业群的“熟人”领导带了点家乡的特产，其实，我也是为了偿还之前他们对我的帮助这份人情，虽然我还是没摆脱目前的囧状，但是他们对我还是帮助了很多，我由衷的感谢他们。这两次见面，大佬对我的嘱咐都是要“稳住”，别慌乱，给啥工作先干啥工作，路还长着呢，不要急于一时的意思，我想想也对，他们都算是久经沙场的老将了，职场阅历应该很丰富，所以我应该听取一下他们的建议，自己调整一下心态，即使心已经稀碎了一地，也要一点点把它捡起来再拼凑一下，在最难的日子，自己是自己最坚强的后盾，通过各种治疗会好起来的。,0,
2026-03-03 20:57:24,229,well😘,https://tieba.baidu.com/home/main?un=jingwei081077,https://himg.bdimg.com/sys/portrait/item/tb.1.f9587d4f.zholDzm4rGqq_t8n6OdliA?t=1534387286,,这两天有点胃不舒服了，感觉是昨晚上吃的辣味的零食给吃难受了，唉，再也不吃了。,0,
2026-03-03 21:39:46,230,贴吧用户_7EUEE5Z,https://tieba.baidu.com/home/main?un=t4714206,https://himg.bdimg.com/sys/portrait/item/tb.1.d5e0b2cd.SNMIX11BYpsLbsMYzRD-1w?t=1710464192,,你现在好了吗,1,
2026-03-11 16:40:34,231,well😘,https://tieba.baidu.com/home/main?un=jingwei081077,https://himg.bdimg.com/sys/portrait/item/tb.1.f9587d4f.zholDzm4rGqq_t8n6OdliA?t=1534387286,,"早上天气不错，有春天的气息了。但是同时病毒也在肆虐，很多人最近都感冒了。我的胃也开始难受，可能最近贪食导致的饮食不节制吧，春季也是胃病高发季，所以要注意保护自己的身体，别折腾它。别人是花粉过敏，我是肠胃犯病。
刚刚开了党小组会，感觉这是我经历过的民主生活会中比较接地气的一次，因为感觉一线的员工可能反而更真实的表达对自身的反思以及对他人的看法。回想之前在事业群参加党支部会议时，基本上都是大家准备好自己的和批评他人的发言稿，基本上就是照本宣科，比较的官方，大家批评别人时也是小心翼翼的，言辞都是经过修饰加工的书面用语。
但是在一线感觉他们似乎更喜欢临场发挥，说一些实在的内容。尤其是党支部书记、我们的财务总监邓总，更是几乎对每个人都进行了坦诚且深入的评价，我感觉这让我很受益的。我现在还是要加强专业方面触类旁通的能力，抓好自己的专业和其他专业的衔接，利用好自己专业在其他专业方面的优势。我深深的感觉他的批评让我很心服口服还有点佩服，毕竟用心批评和官方的批评是不一样的。
每一个当下都是新的，珍惜每一个当下，因为一旦过去了，就不会再有。我们要学会珍惜现在，哪怕不是很好的现在。",0,
2026-03-19 18:17:51,232,well😘,https://tieba.baidu.com/home/main?un=jingwei081077,https://himg.bdimg.com/sys/portrait/item/tb.1.f9587d4f.zholDzm4rGqq_t8n6OdliA?t=1534387286,,"抗抑方法:不爽就说，别憋着以前受了委屈假装没事，心里气得要死，脸上还得强装没事，最后把自己憋出内伤。现在直接表达：“你这么说我不舒服、这事我不乐意”，别总委屈自己。
今天因为装修安装的门不符合自己的预期，直截了当，虽然也有我一部分的责任，但是和商家也明确你们要承担主要责任，我就在群里噼里啪啦的一顿说，火气泄出来就好很多，不憋在心里内伤自己！",0,
2026-03-22 14:54:35,233,well😘,https://tieba.baidu.com/home/main?un=jingwei081077,https://himg.bdimg.com/sys/portrait/item/tb.1.f9587d4f.zholDzm4rGqq_t8n6OdliA?t=1534387286,,"觉察到自己其实有时候太容易陷入和阿饼思维不一致的纠结情绪中了，这种不协调的思维让我苦恼且无奈，但中午和大哥聊天感觉到每对夫妻的生活其实都是这样的，默契太少，只有互相迁就对方。所以当自己可以整理情绪，及时跳出这个纠结圈时，把能对的渴求度降低一些，把不同的思维产生不同想法看的平常一些，平等心和平常心也许才是长远之策，否则短时间的情感协调难以维持长期的夫妻共存局面。
把更多的时间留给自己，哪怕发呆、刷剧，做家务。
把更多的期待留给自己，期待自己更美丽，更优质，能力更强，交际能力很棒。
把改变别人变成改变自己，做更好的自己！
把纠结别人的‘不对’变成理解个体差异性，用自己的能量满足自己的需求，不为难别人，也别让自己内耗！",0,
2026-03-26 17:12:34,234,well😘,https://tieba.baidu.com/home/main?un=jingwei081077,https://himg.bdimg.com/sys/portrait/item/tb.1.f9587d4f.zholDzm4rGqq_t8n6OdliA?t=1534387286,,"最近这一周整体情况还不错，不焦虑，也不难过，主题词应该是“淡定”。这其实得益于开始做自己，所以今天想谈谈我眼中的“做自己”。其实我一直都不是一个能“做自己”的人，小时候忍着家里父母对我的斥责和冷淡，长大了一直都致力于让别人“舒服”，会察言观色，能理解别人，设身处地和共情能力我都不错，但是呢，我自己却没有让自己舒服，可能很多时候都是在让别人感觉我这个人相处起来不错，真实的我也是个有棱角的姑娘。恋爱是个照妖镜，从恋爱开始我对着恋人开始撕下那层面具，自己最真实的样子渐渐显露在他面前，随之不断地就是吵架和伤心。我始终找不到这其中自己该如何平衡处理好做自己和爱他人的关系，好难好累，感情之路并不顺利。后来在经历了很多的情感、工作上的波折之后，加上心理老师对我的辅导，让我开始更加的重视“做自己”，如果我不能回归本真，我可能也不能做到真正的爱自己。以前工作相对顺利的时候，我有点讨好型人格，一种习惯为了别人牺牲自己需要的状态，但是那会并不觉得自己有多难受。后来最近这一年工作上遭遇重大变故和挫败，面对同事孤立和打压，我扛不住了，极度的压抑感让我有些无法承受，这个时候我才真正的感觉“做自己”是迫在眉睫了。毒舌和她的小团队们对我的不公平的对待让我非常痛苦，我在之前的帖子里不止一次的写过。我还是太软弱和善良，和周围人没有树立好边界感，即使自己关注着部门同事的需要，一味的遭遇打压和霸凌也没有得到改善，我只能转而开始关注自己的需要。
但是这里做自己并不代表不考虑别人的感受，是自私的表现。就像我之前工作还顺利的时候，环境对我很友好的时候，同事很尊重你的时候，我对别人一定程度的“讨好”甚至能让人更强烈的感觉到真实的自己。只要这是你心甘情愿的，不是委曲求全不得已。发自内心的满足他人，也是一种做自己。做自己关键在于一个人的内在意识和需求，只有根据自己的需求而不是外界的评判标准做出的行为，才叫做“做自己”。
最近在工作中我渐渐应用起来这个做自己的方法，每次在感觉别人侵犯我边界或者又想让我给她让步的时候，我都会想考虑一下这是自己心甘情愿要为他人而做的吗？自己能够按照自己真实的意愿行动吗？做决定时能够不受他人想法的干扰吗？问问自己，先别急着下一步。
是的，我会告诉自己“即使别人批评我这样做，我也努力以一种符合我个人价值观的方式行事”。
最后一步也是最难的，行动起来，按照你的意愿去和别人表达或者去行动。毒舌总是试图在工作上压制我，当她不允许我反抗时，我还是要表达我的意见和想法，这个我还在练习和推进。周围的人孤立我，在我判定自己已经很友善的融入大家之后，我会选择不再让自己总是讨好他人，我喜欢中午去食堂吃饭，就不会为了讨好大家合群而点外卖吃我不爱的东西。请假回家的同事总想让我顶替，但是我也会不答应，因为我也要休息，做出牺牲的人不能总是我……
感情中其实也是如此，只是感情的相处更考验我们对彼此的耐心和理解。因为感情中太真实，吵架就在所难免，做自己可以，但是也请体谅你的那个他（她）。最近和阿饼吵架的频率很高，当我触碰到他底线的时候，他也受不了了，所以边界要有，每个人都有各自不能触碰的点，建立自己的底线也同时尊重别人的底线，这可能就是相处之道吧。
回到做自己这个话题，我经历过几段感情，可能现在结婚的对象才是能让我做真实自己的人，因为我外在的确很优秀，但是内在的自我价值感很低，所以在和他们的接触中，我发觉自己有点像“冒充者”，我不能够一直这样“优秀”，我更多的时候感觉自己不够自信。所以我们顺利的做自己，跟找到支持真实自我的环境是分不开的。就像每个人最终找到了自己的伴侣、朋友圈子、不仅仅是因为相互吸引，也是因为这样的环境我们可以舒服点做自己，展现出其他地方很难展现的那个“真实的我”的部分。
愿我们都能做真实的自己。加油吧！",0,
2026-03-30 21:12:30,235,well😘,https://tieba.baidu.com/home/main?un=jingwei081077,https://himg.bdimg.com/sys/portrait/item/tb.1.f9587d4f.zholDzm4rGqq_t8n6OdliA?t=1534387286,,今天工作岗位两个消息让我很难受，但我似乎已经预料到了，潜意识不想面对，但是我还是给HX总打了电话，听一下面试的结果。我知道自己可能真的不配有个合适的好的岗位，我不配吧。,0,
2026-03-31 10:13:19,236,well😘,https://tieba.baidu.com/home/main?un=jingwei081077,https://himg.bdimg.com/sys/portrait/item/tb.1.f9587d4f.zholDzm4rGqq_t8n6OdliA?t=1534387286,,今天早上，感觉大脑疲惫，很想睡觉，就是感觉脑子消耗很大。,0,
2026-04-01 08:53:02,237,well😘,https://tieba.baidu.com/home/main?un=jingwei081077,https://himg.bdimg.com/sys/portrait/item/tb.1.f9587d4f.zholDzm4rGqq_t8n6OdliA?t=1534387286,,昨天晚上睡的不错，只是早上还是六点半被弄醒了，安心点，活在当下的做事吧。,0,
2026-04-01 17:09:53,238,well😘,https://tieba.baidu.com/home/main?un=jingwei081077,https://himg.bdimg.com/sys/portrait/item/tb.1.f9587d4f.zholDzm4rGqq_t8n6OdliA?t=1534387286,,这几天单位开始人员落位，我的心也跟着慌张起来，毕竟我得被迫离开这个部门，我不知道自己该去哪里，又一时半会不给我一个说法，其实内心很焦灼，一边整理资料，一边听一些正念的录音，让自己尽量平静的面对这个事情对我的冲击。已经做好了最坏的打算，自己接受，那么其他的就好过了。下午活在当下，继续整理凭证等资料，做好觉知。,0,
